-- phpMyAdmin SQL Dump
-- version 4.5.1
-- http://www.phpmyadmin.net
--
-- Servidor: 127.0.0.1
-- Tiempo de generación: 11-11-2018 a las 08:36:59
-- Versión del servidor: 10.1.9-MariaDB
-- Versión de PHP: 5.6.15

SET SQL_MODE = "NO_AUTO_VALUE_ON_ZERO";
SET time_zone = "+00:00";


/*!40101 SET @OLD_CHARACTER_SET_CLIENT=@@CHARACTER_SET_CLIENT */;
/*!40101 SET @OLD_CHARACTER_SET_RESULTS=@@CHARACTER_SET_RESULTS */;
/*!40101 SET @OLD_COLLATION_CONNECTION=@@COLLATION_CONNECTION */;
/*!40101 SET NAMES utf8mb4 */;

--
-- Base de datos: `dbagua`
--

-- --------------------------------------------------------

--
-- Estructura de tabla para la tabla `cobroaccion`
--

CREATE TABLE `cobroaccion` (
  `idCobroAccion` int(11) NOT NULL,
  `accion` int(11) NOT NULL,
  `idSocio` int(11) NOT NULL,
  `idUsuario` int(11) NOT NULL,
  `fechaReg` date NOT NULL,
  `idTipoPago` int(11) NOT NULL,
  `idTipoMoneda` int(11) NOT NULL,
  `concepto` varchar(45) NOT NULL,
  `pago` varchar(20) NOT NULL
) ENGINE=InnoDB DEFAULT CHARSET=latin1 ROW_FORMAT=COMPACT;

--
-- Volcado de datos para la tabla `cobroaccion`
--

INSERT INTO `cobroaccion` (`idCobroAccion`, `accion`, `idSocio`, `idUsuario`, `fechaReg`, `idTipoPago`, `idTipoMoneda`, `concepto`, `pago`) VALUES
(57, 3480, 91, 5, '2018-06-01', 3, 3, 'Accion', ''),
(58, 3480, 92, 5, '2018-06-01', 3, 3, 'Accion', ''),
(60, 3480, 94, 5, '2018-05-01', 3, 3, 'Accion', ''),
(62, 3480, 96, 5, '2018-05-01', 3, 3, 'Accion', ''),
(63, 3480, 97, 5, '2018-06-01', 3, 3, 'Accion', ''),
(64, 3480, 98, 5, '2018-06-01', 3, 3, 'Accion', ''),
(66, 3480, 100, 5, '2018-01-01', 3, 3, 'Accion', ''),
(67, 3480, 101, 5, '2018-04-01', 3, 3, 'Accion', ''),
(68, 3480, 102, 5, '2018-06-01', 3, 3, 'Accion', ''),
(69, 3480, 103, 5, '2018-06-01', 3, 3, 'Accion', ''),
(70, 3480, 104, 5, '2018-06-01', 3, 3, 'Accion', ''),
(71, 3480, 105, 5, '2018-01-01', 3, 3, 'Accion', ''),
(72, 3480, 106, 5, '2018-03-01', 3, 3, 'Accion', ''),
(73, 3480, 107, 5, '2018-06-01', 3, 3, 'Accion', ''),
(74, 3480, 108, 5, '2018-01-01', 3, 3, 'Accion', ''),
(75, 3480, 109, 5, '2018-07-01', 3, 3, 'Accion', ''),
(76, 3480, 110, 5, '2018-01-01', 3, 3, 'Accion', ''),
(78, 3480, 112, 5, '2018-01-01', 3, 3, 'Accion', ''),
(79, 3480, 113, 5, '2018-01-01', 3, 3, 'Accion', ''),
(80, 3480, 114, 5, '2018-01-31', 3, 3, 'Accion', ''),
(81, 3480, 115, 5, '2018-06-01', 3, 3, 'Accion', ''),
(82, 3480, 116, 5, '2018-06-01', 3, 3, 'Accion', ''),
(83, 3480, 117, 5, '2018-01-01', 3, 3, 'Accion', ''),
(84, 3480, 118, 5, '2018-06-01', 3, 3, 'Accion', ''),
(85, 3480, 119, 5, '2018-06-01', 3, 3, 'Accion', ''),
(86, 3480, 120, 5, '2018-04-01', 3, 3, 'Accion', ''),
(87, 3480, 121, 5, '2018-01-01', 3, 3, 'Accion, revisar medidor', ''),
(88, 3480, 122, 5, '2018-01-01', 3, 3, 'Accion, revisar medidor', ''),
(89, 3480, 123, 5, '2018-04-01', 3, 3, 'Accion', ''),
(90, 3480, 124, 5, '2018-05-01', 3, 3, 'Accion', ''),
(91, 3480, 125, 5, '2018-03-01', 3, 3, 'Accion', ''),
(92, 3480, 126, 5, '2018-01-01', 3, 3, 'Accion', ''),
(93, 3480, 127, 5, '2018-06-01', 3, 3, 'Accion', ''),
(94, 3480, 128, 5, '2018-04-01', 3, 3, 'Accion', ''),
(95, 3480, 129, 5, '2018-05-01', 3, 3, 'Accion', ''),
(96, 3480, 130, 5, '2018-05-01', 3, 3, 'Accion', ''),
(97, 3480, 131, 5, '2018-06-01', 3, 3, 'Accion', ''),
(98, 3480, 132, 5, '2018-06-01', 3, 3, 'Accion', ''),
(99, 3480, 133, 5, '2018-06-01', 3, 3, 'Accion', ''),
(100, 3480, 134, 5, '2018-06-01', 3, 3, 'Accion', ''),
(101, 3480, 135, 5, '2018-01-01', 3, 3, 'Accion', ''),
(102, 3480, 136, 5, '2018-01-01', 3, 3, 'Accion', ''),
(103, 3480, 137, 5, '2018-01-01', 3, 3, 'Accion', ''),
(104, 3480, 138, 5, '2018-06-01', 3, 3, 'Accion', ''),
(105, 3480, 139, 5, '2018-01-01', 3, 3, 'Accion', ''),
(106, 3480, 140, 5, '2018-03-01', 3, 3, 'Accion', ''),
(107, 3480, 141, 5, '2018-01-01', 3, 3, 'Accion', ''),
(108, 3480, 142, 5, '2018-05-01', 3, 3, 'Accion', ''),
(109, 3480, 143, 5, '2018-01-01', 3, 3, 'Accion', ''),
(110, 3480, 144, 5, '2018-05-01', 3, 3, 'Accion', ''),
(111, 3480, 145, 5, '2018-05-01', 3, 3, 'Accion', ''),
(112, 3480, 146, 5, '2018-01-01', 3, 3, 'Accion', ''),
(113, 3480, 147, 5, '2018-01-01', 3, 3, 'Accion', ''),
(114, 3480, 148, 5, '2018-01-01', 3, 3, 'Accion', ''),
(115, 3480, 149, 5, '2018-01-01', 3, 3, 'Accion', ''),
(116, 3480, 150, 5, '2018-04-01', 3, 3, 'Accion', ''),
(117, 3480, 151, 5, '2018-05-01', 3, 3, 'Accion', ''),
(118, 3480, 152, 5, '2018-05-01', 3, 3, 'Accion', ''),
(119, 3480, 153, 5, '2018-01-01', 3, 3, 'Accion', ''),
(120, 3480, 154, 5, '2018-01-01', 3, 3, 'Accion', ''),
(121, 3480, 155, 5, '2018-06-01', 3, 3, 'Accion', ''),
(122, 3480, 156, 5, '2018-05-01', 3, 3, 'Accion', ''),
(123, 3480, 157, 5, '2018-06-01', 3, 3, 'Accion', ''),
(124, 3480, 158, 5, '2018-01-01', 3, 3, 'Accion', ''),
(125, 3480, 159, 5, '2018-01-01', 3, 3, 'Accion', ''),
(126, 3480, 160, 5, '2018-06-01', 3, 3, 'Accion', ''),
(127, 3480, 161, 5, '2018-01-01', 3, 3, 'Accion', ''),
(128, 3480, 162, 5, '2018-01-01', 3, 3, 'Accion', ''),
(129, 3480, 163, 5, '2018-01-01', 3, 3, 'Accion', ''),
(130, 3480, 164, 5, '2018-01-01', 3, 3, 'Accion', ''),
(131, 3480, 165, 5, '2018-05-01', 3, 3, 'Accion', ''),
(132, 3480, 166, 5, '2018-01-01', 3, 3, 'Accion', ''),
(133, 3480, 167, 5, '2018-01-01', 3, 3, 'Accion', ''),
(134, 3480, 168, 5, '2018-06-01', 3, 3, 'Accion', ''),
(135, 3480, 169, 5, '2018-01-01', 3, 3, 'Accion', ''),
(136, 3480, 170, 5, '2018-01-01', 3, 3, 'Accion', ''),
(137, 3480, 171, 5, '2018-07-01', 3, 3, 'Accion', ''),
(138, 3480, 172, 5, '2018-05-01', 3, 3, 'Accion', ''),
(139, 3480, 173, 5, '2018-06-01', 3, 3, 'Accion', ''),
(140, 3480, 174, 5, '2018-01-01', 3, 3, 'Accion', ''),
(141, 3480, 175, 5, '2018-01-01', 3, 3, 'Accion', ''),
(142, 3480, 176, 5, '2018-06-01', 3, 3, 'Accion', ''),
(143, 3480, 177, 5, '2018-01-01', 3, 3, 'Accion', ''),
(144, 3480, 178, 5, '2018-01-01', 3, 3, 'Accion', ''),
(145, 3480, 179, 5, '2018-05-01', 3, 3, 'Accion', ''),
(146, 3480, 180, 5, '2018-01-01', 3, 3, 'Accion', ''),
(147, 3480, 181, 5, '2018-01-01', 3, 3, 'Accion', ''),
(148, 3480, 182, 5, '2018-07-01', 3, 3, 'Accion', ''),
(149, 3480, 183, 5, '2018-07-01', 3, 3, 'Accion', ''),
(150, 3480, 184, 5, '2018-07-01', 3, 3, 'Accion', ''),
(151, 3480, 185, 5, '2018-05-01', 3, 3, 'Accion', ''),
(152, 3480, 186, 5, '2018-07-01', 3, 3, 'Accion', ''),
(153, 3480, 187, 5, '2018-06-01', 3, 3, 'Accion', '');

-- --------------------------------------------------------

--
-- Estructura de tabla para la tabla `cobroagua`
--

CREATE TABLE `cobroagua` (
  `idCobroAgua` int(11) NOT NULL,
  `monto` int(11) NOT NULL,
  `idLectura` int(11) NOT NULL,
  `fechaCobro` date NOT NULL,
  `idUsuario` int(11) NOT NULL,
  `concepto` varchar(45) NOT NULL
) ENGINE=InnoDB DEFAULT CHARSET=latin1 ROW_FORMAT=COMPACT;

--
-- Volcado de datos para la tabla `cobroagua`
--

INSERT INTO `cobroagua` (`idCobroAgua`, `monto`, `idLectura`, `fechaCobro`, `idUsuario`, `concepto`) VALUES
(2, 1928, 76, '2018-07-01', 5, 'Pago por consumo de agua'),
(3, 18, 77, '2018-08-01', 5, 'Pago por consumo de agua'),
(4, 1492, 79, '2018-07-01', 5, 'Pago por consumo de agua'),
(5, 482, 85, '2018-06-01', 5, 'Pago por consumo de agua'),
(6, 736, 90, '2018-06-01', 5, 'Pago por consumo de agua'),
(7, 924, 94, '2018-07-01', 5, 'Pago por consumo de agua'),
(8, 512, 97, '2018-07-01', 5, 'Pago por consumo de agua'),
(10, 426, 102, '2018-02-01', 5, 'Pago por consumo de agua'),
(11, 1194, 110, '2018-05-01', 5, 'Pago por consumo de agua'),
(12, 22, 112, '2018-08-01', 5, 'Pago por consumo de agua'),
(13, 868, 116, '2018-07-01', 5, 'Pago por consumo de agua'),
(14, 10830, 119, '2018-07-01', 5, 'Pago por consumo de agua'),
(15, 514, 122, '2018-07-01', 5, 'Pago por consumo de agua'),
(16, 10, 123, '2018-08-01', 5, 'Pago por consumo de agua'),
(17, 1024, 125, '2018-02-01', 5, 'Pago por consumo de agua'),
(18, 466, 133, '2018-04-01', 5, 'Pago por consumo de agua'),
(19, 386, 139, '2018-07-01', 5, 'Pago por consumo de agua'),
(20, 938, 142, '2018-02-01', 5, 'Pago por consumo de agua'),
(21, 892, 150, '2018-08-01', 5, 'Pago por consumo de agua'),
(22, 154, 152, '2018-02-01', 5, 'Pago por consumo de agua'),
(23, 468, 160, '2018-01-01', 5, 'Pago por consumo de agua'),
(24, 152, 162, '2018-02-01', 5, 'Pago por consumo de agua'),
(25, 540, 166, '2018-08-01', 5, 'Pago por consumo de agua'),
(26, 960, 174, '2018-07-01', 5, 'Pago por consumo de agua'),
(27, 5890, 177, '2018-07-01', 5, 'Pago por consumo de agua'),
(28, 1930, 180, '2018-02-01', 5, 'Pago por consumo de agua'),
(29, 1648, 182, '2018-07-01', 5, 'Pago por consumo de agua'),
(30, 10, 185, '2018-07-01', 5, 'Pago por consumo de agua'),
(31, 10, 186, '2018-08-01', 5, 'Pago por consumo de agua'),
(32, 44, 188, '2018-05-01', 5, 'Pago por consumo de agua'),
(33, 36, 201, '2018-02-01', 5, 'Pago por consumo de agua'),
(34, 4556, 209, '2018-05-01', 5, 'Pago por consumo de agua'),
(35, 42, 210, '2018-06-01', 5, 'Pago por consumo de agua'),
(36, 170, 214, '2018-06-01', 5, 'Pago por consumo de agua'),
(37, 10, 215, '2018-07-01', 5, 'Pago por consumo de agua'),
(38, 3440, 218, '2018-04-01', 5, 'Pago por consumo de agua'),
(39, 32, 219, '2018-05-01', 5, 'Pago por consumo de agua'),
(40, 920, 232, '2018-07-01', 5, 'Pago por consumo de agua'),
(41, 22, 233, '2018-08-01', 5, 'Pago por consumo de agua'),
(42, 3534, 235, '2018-06-01', 5, 'Pago por consumo de agua'),
(43, 10, 236, '2018-06-01', 5, 'Pago por consumo de agua'),
(44, 362, 240, '2018-06-01', 5, 'Pago por consumo de agua'),
(45, 10, 241, '2018-07-01', 5, 'Pago por consumo de agua'),
(46, 676, 244, '2018-09-01', 5, 'Pago por consumo de agua'),
(47, 12, 245, '2018-09-01', 5, 'Pago por consumo de agua'),
(48, 2060, 248, '2018-09-19', 5, 'Pago por consumo de agua'),
(49, 74, 249, '2018-09-19', 5, 'Pago por consumo de agua'),
(50, 10, 251, '2018-09-19', 5, 'Pago por consumo de agua'),
(51, 10, 252, '2018-09-19', 5, 'Pago por consumo de agua'),
(52, 4568, 254, '2018-09-19', 5, 'Pago por consumo de agua'),
(53, 26, 255, '2018-09-19', 5, 'Pago por consumo de agua'),
(54, 2944, 257, '2018-09-19', 5, 'Pago por consumo de agua'),
(55, 2834, 261, '2018-09-19', 5, 'Pago por consumo de agua'),
(56, 88, 269, '2018-09-19', 5, 'Pago por consumo de agua'),
(57, 10, 277, '2018-09-19', 5, 'Pago por consumo de agua'),
(58, 10, 278, '2018-09-19', 5, 'Pago por consumo de agua'),
(59, 112, 280, '2018-09-19', 5, 'Pago por consumo de agua'),
(60, 2356, 288, '2018-09-19', 5, 'Pago por consumo de agua'),
(61, 10, 289, '2018-09-19', 5, 'Pago por consumo de agua'),
(62, 318, 294, '2018-09-19', 5, 'Pago por consumo de agua'),
(63, 4768, 302, '2018-09-19', 5, 'Pago por consumo de agua'),
(64, 4320, 306, '2018-09-19', 5, 'Pago por consumo de agua'),
(65, 1606, 314, '2018-09-19', 5, 'Pago por consumo de agua'),
(66, 720, 318, '2018-09-19', 5, 'Pago por consumo de agua'),
(67, 594, 322, '2018-09-20', 5, 'Pago por consumo de agua'),
(68, 1274, 330, '2018-09-20', 5, 'Pago por consumo de agua'),
(69, 1134, 333, '2018-09-20', 5, 'Pago por consumo de agua'),
(70, 1352, 341, '2018-09-20', 5, 'Pago por consumo de agua'),
(71, 10, 342, '2018-09-20', 5, 'Pago por consumo de agua'),
(72, 546, 346, '2018-09-20', 5, 'Pago por consumo de agua'),
(73, 24, 347, '2018-09-20', 5, 'Pago por consumo de agua'),
(74, 800, 350, '2018-09-20', 5, 'Pago por consumo de agua'),
(75, 20, 351, '2018-09-20', 5, 'Pago por consumo de agua'),
(76, 112, 354, '2018-09-20', 5, 'Pago por consumo de agua'),
(77, 1288, 370, '2018-09-20', 5, 'Pago por consumo de agua'),
(78, 14, 371, '2018-09-20', 5, 'Pago por consumo de agua'),
(79, 1700, 373, '2018-09-20', 5, 'Pago por consumo de agua'),
(80, 10, 374, '2018-09-20', 5, 'Pago por consumo de agua'),
(81, 552, 377, '2018-09-20', 5, 'Pago por consumo de agua'),
(82, 10, 378, '2018-09-20', 5, 'Pago por consumo de agua'),
(83, 760, 380, '2018-09-20', 5, 'Pago por consumo de agua'),
(84, 352, 388, '2018-09-29', 5, 'Pago por consumo de agua'),
(85, 504, 396, '2018-09-29', 5, 'Pago por consumo de agua'),
(86, 30, 397, '2018-09-29', 5, 'Pago por consumo de agua'),
(87, 248, 399, '2018-09-29', 5, 'Pago por consumo de agua'),
(88, 280, 407, '2018-09-29', 5, 'Pago por consumo de agua'),
(89, 134, 415, '2018-09-30', 5, 'Pago por consumo de agua'),
(90, 364, 423, '2018-09-30', 5, 'Pago por consumo de agua'),
(91, 36, 424, '2018-09-30', 5, 'Pago por consumo de agua'),
(92, 142, 431, '2018-09-30', 5, 'Pago por consumo de agua'),
(93, 10, 432, '2018-09-30', 5, 'Pago por consumo de agua'),
(94, 470, 435, '2018-09-30', 5, 'Pago por consumo de agua'),
(95, 58, 436, '2018-09-30', 5, 'Pago por consumo de agua'),
(96, 58, 437, '2018-09-30', 5, 'Pago por consumo de agua'),
(97, 58, 438, '2018-09-30', 5, 'Pago por consumo de agua'),
(98, 58, 439, '2018-09-30', 5, 'Pago por consumo de agua'),
(99, 118, 440, '2018-09-30', 5, 'Pago por consumo de agua'),
(100, 10, 442, '2018-09-30', 5, 'Pago por consumo de agua'),
(101, 10, 443, '2018-09-30', 5, 'Pago por consumo de agua'),
(102, 200, 450, '2018-09-01', 5, 'Pago por consumo de agua'),
(103, 10, 451, '2018-09-01', 5, 'Pago por consumo de agua'),
(104, 178, 453, '2018-09-30', 5, 'Pago por consumo de agua'),
(105, 2272, 461, '2018-09-30', 5, 'Pago por consumo de agua'),
(106, 214, 475, '2018-09-30', 5, 'Pago por consumo de agua'),
(107, 22, 476, '2018-09-30', 5, 'Pago por consumo de agua'),
(108, 96, 478, '2018-09-01', 5, 'Pago por consumo de agua'),
(109, 10, 479, '2018-09-01', 5, 'Pago por consumo de agua'),
(110, 10, 480, '2018-09-01', 5, 'Pago por consumo de agua'),
(111, 14, 486, '2018-09-30', 5, 'Pago por consumo de agua'),
(112, 14, 495, '2018-09-01', 5, 'Pago por consumo de agua'),
(113, 186, 511, '2018-09-30', 5, 'Pago por consumo de agua'),
(114, 10, 531, '2018-09-30', 5, 'Pago por consumo de agua'),
(115, 10, 537, '2018-09-30', 5, 'Pago por consumo de agua'),
(116, 10, 538, '2018-09-30', 5, 'Pago por consumo de agua'),
(117, 10, 539, '2018-09-30', 5, 'Pago por consumo de agua'),
(118, 30, 134, '2018-09-30', 5, 'Pago por consumo de agua'),
(119, 10, 135, '2018-09-30', 5, 'Pago por consumo de agua'),
(120, 10, 136, '2018-09-30', 5, 'Pago por consumo de agua'),
(121, 16, 137, '2018-09-30', 5, 'Pago por consumo de agua'),
(122, 12, 246, '2018-09-30', 5, 'Pago por consumo de agua'),
(123, 10, 258, '2018-09-30', 5, 'Pago por consumo de agua'),
(124, 38, 319, '2018-09-30', 5, 'Pago por consumo de agua'),
(125, 24, 320, '2018-09-30', 5, 'Pago por consumo de agua'),
(126, 22, 389, '2018-09-30', 5, 'Pago por consumo de agua'),
(127, 20, 390, '2018-09-30', 5, 'Pago por consumo de agua'),
(128, 46, 391, '2018-09-30', 5, 'Pago por consumo de agua'),
(129, 26, 392, '2018-09-30', 5, 'Pago por consumo de agua'),
(130, 46, 393, '2018-09-30', 5, 'Pago por consumo de agua'),
(131, 24, 394, '2018-09-30', 5, 'Pago por consumo de agua'),
(132, 46, 543, '2018-09-30', 5, 'Pago por consumo de agua'),
(133, 18, 544, '2018-09-30', 5, 'Pago por consumo de agua'),
(134, 150, 545, '2018-10-21', 7, 'Pago por consumo de agua'),
(135, 150, 545, '2018-10-21', 7, 'Pago por consumo de agua'),
(136, 10, 242, '2018-10-21', 7, 'Pago por consumo de agua'),
(137, 10, 546, '2018-10-21', 7, 'Pago por consumo de agua'),
(138, 34, 95, '2018-10-29', 5, 'Pago por consumo de agua'),
(139, 36, 551, '2018-10-29', 5, 'Pago por consumo de agua'),
(140, 10, 343, '2018-11-09', 7, 'Pago por consumo de agua'),
(141, 10, 344, '2018-11-09', 7, 'Pago por consumo de agua'),
(142, 10, 588, '2018-11-09', 7, 'Pago por consumo de agua'),
(143, 10, 343, '2018-11-09', 7, 'Pago por consumo de agua'),
(144, 10, 344, '2018-11-09', 7, 'Pago por consumo de agua'),
(145, 10, 588, '2018-11-09', 7, 'Pago por consumo de agua'),
(146, 10, 103, '2018-11-11', 5, 'Pago por consumo de agua'),
(147, 10, 104, '2018-11-11', 5, 'Pago por consumo de agua'),
(148, 10, 105, '2018-11-11', 5, 'Pago por consumo de agua'),
(149, 10, 106, '2018-11-11', 5, 'Pago por consumo de agua'),
(150, 10, 107, '2018-11-11', 5, 'Pago por consumo de agua'),
(151, 10, 108, '2018-11-11', 5, 'Pago por consumo de agua'),
(152, 10, 553, '2018-11-11', 5, 'Pago por consumo de agua'),
(153, 12, 557, '2018-11-11', 5, 'Pago por consumo de agua'),
(154, 14, 178, '2018-11-11', 5, 'Pago por consumo de agua'),
(155, 14, 565, '2018-11-11', 5, 'Pago por consumo de agua'),
(156, 10, 216, '2018-11-11', 5, 'Pago por consumo de agua'),
(157, 10, 569, '2018-11-11', 5, 'Pago por consumo de agua'),
(158, 10, 237, '2018-11-11', 5, 'Pago por consumo de agua'),
(159, 10, 238, '2018-11-11', 5, 'Pago por consumo de agua'),
(160, 10, 572, '2018-11-11', 5, 'Pago por consumo de agua');

-- --------------------------------------------------------

--
-- Estructura de tabla para la tabla `lectura`
--

CREATE TABLE `lectura` (
  `idLectura` int(11) NOT NULL,
  `lecturaAnterior` int(11) NOT NULL,
  `lecturaActual` int(11) NOT NULL,
  `idMedidor` int(11) NOT NULL,
  `fechaLectura` date NOT NULL,
  `idUsuario` int(11) NOT NULL,
  `cantidadConsumo` int(11) NOT NULL,
  `mes` varchar(15) NOT NULL,
  `year` varchar(15) NOT NULL,
  `fechaRegistro` date NOT NULL,
  `totalPagar` int(11) NOT NULL,
  `pago` varchar(20) NOT NULL
) ENGINE=InnoDB DEFAULT CHARSET=latin1 ROW_FORMAT=COMPACT;

--
-- Volcado de datos para la tabla `lectura`
--

INSERT INTO `lectura` (`idLectura`, `lecturaAnterior`, `lecturaActual`, `idMedidor`, `fechaLectura`, `idUsuario`, `cantidadConsumo`, `mes`, `year`, `fechaRegistro`, `totalPagar`, `pago`) VALUES
(75, 0, 0, 90, '2018-06-01', 5, 0, 'Junio', '2018', '2018-06-01', 0, ''),
(76, 0, 964, 90, '2018-07-07', 5, 964, 'Julio', '2018', '2018-07-01', 1928, 'Si'),
(77, 964, 973, 90, '2018-09-04', 5, 9, 'Agosto', '2018', '2018-08-01', 18, 'Si'),
(78, 0, 0, 91, '2018-06-01', 5, 0, 'Junio', '2018', '2018-06-01', 0, ''),
(79, 0, 746, 91, '2018-08-06', 5, 746, 'Julio', '2018', '2018-07-01', 1492, 'Si'),
(80, 746, 750, 91, '2018-09-06', 5, 4, 'Agosto', '2018', '2018-08-01', 10, 'No'),
(81, 0, 0, 92, '2018-06-01', 5, 0, 'Junio', '2018', '2018-06-01', 0, ''),
(82, 0, 251, 92, '2018-08-06', 5, 251, 'Julio', '2018', '2018-07-01', 502, 'No'),
(84, 0, 0, 93, '2018-05-01', 5, 0, 'Mayo', '2018', '2018-05-01', 0, ''),
(85, 0, 241, 93, '2018-07-07', 5, 241, 'Junio', '2018', '2018-06-01', 482, 'Si'),
(86, 241, 251, 93, '2018-08-06', 5, 10, 'Julio', '2018', '2018-07-01', 20, 'No'),
(87, 251, 259, 93, '2018-09-06', 5, 8, 'Agosto', '2018', '2018-08-01', 16, 'No'),
(88, 0, 0, 94, '2018-08-01', 5, 0, 'Agosto', '2018', '2018-08-01', 0, ''),
(89, 0, 0, 95, '2018-05-01', 5, 0, 'Mayo', '2018', '2018-05-01', 0, ''),
(90, 0, 368, 95, '2018-07-07', 5, 368, 'Junio', '2018', '2018-06-01', 736, 'Si'),
(91, 368, 416, 95, '2018-08-06', 5, 48, 'Julio', '2018', '2018-07-01', 96, 'No'),
(92, 416, 436, 95, '2018-09-06', 5, 20, 'Agosto', '2018', '2018-08-01', 40, 'No'),
(93, 0, 0, 96, '2018-06-01', 5, 0, 'Junio', '2018', '2018-06-01', 0, ''),
(94, 0, 462, 96, '2018-08-06', 5, 462, 'Julio', '2018', '2018-07-01', 924, 'Si'),
(95, 462, 479, 96, '2018-09-06', 5, 17, 'Agosto', '2018', '2018-08-01', 34, 'Si'),
(96, 0, 0, 97, '2018-06-01', 5, 0, 'Junio', '2018', '2018-06-01', 0, ''),
(97, 0, 256, 97, '2018-08-06', 5, 256, 'Julio', '2018', '2018-07-01', 512, 'Si'),
(98, 256, 258, 97, '2018-09-06', 5, 2, 'Agosto', '2018', '2018-08-01', 10, 'No'),
(99, 0, 0, 98, '2017-12-01', 5, 0, 'Diciembre', '2017', '2017-12-01', 0, ''),
(101, 0, 0, 99, '2018-01-01', 5, 0, 'Enero', '2018', '2018-01-01', 0, ''),
(102, 0, 213, 99, '2018-03-06', 5, 213, 'Febrero', '2018', '2018-02-01', 426, 'Si'),
(103, 213, 218, 99, '2018-04-08', 5, 5, 'Marzo', '2018', '2018-03-01', 10, 'Si'),
(104, 218, 220, 99, '2018-05-01', 5, 2, 'Abril', '2018', '2018-04-01', 10, 'Si'),
(105, 220, 222, 99, '2018-06-04', 5, 2, 'Mayo', '2018', '2018-05-01', 10, 'Si'),
(106, 222, 224, 99, '2018-06-01', 5, 2, 'Junio', '2018', '2018-06-01', 10, 'Si'),
(107, 224, 226, 99, '2018-07-01', 5, 2, 'Julio', '2018', '2018-07-01', 10, 'Si'),
(108, 226, 227, 99, '2018-09-06', 5, 1, 'Agosto', '2018', '2018-08-01', 10, 'Si'),
(109, 0, 0, 100, '2018-04-01', 5, 0, 'Abril', '2018', '2018-04-01', 0, ''),
(110, 0, 597, 100, '2018-06-04', 5, 597, 'Mayo', '2018', '2018-05-01', 1194, 'Si'),
(111, 597, 618, 100, '2018-07-07', 5, 21, 'Junio', '2018', '2018-06-01', 42, 'No'),
(112, 618, 629, 100, '2018-08-06', 5, 11, 'Julio', '2018', '2018-07-01', 22, 'Si'),
(113, 618, 629, 100, '2018-08-06', 5, 11, 'Julio', '2018', '2018-07-01', 22, 'No'),
(114, 629, 648, 100, '2018-09-06', 5, 19, 'Agosto', '2018', '2018-08-01', 38, 'No'),
(115, 0, 0, 101, '2018-06-01', 5, 0, 'Junio', '2018', '2018-06-01', 0, ''),
(116, 0, 434, 101, '2018-07-01', 5, 434, 'Julio', '2018', '2018-07-01', 868, 'Si'),
(117, 434, 464, 101, '2018-09-06', 5, 30, 'Agosto', '2018', '2018-08-01', 60, 'No'),
(118, 0, 0, 102, '2018-06-01', 5, 0, 'Junio', '2018', '2018-06-01', 0, ''),
(119, 0, 5415, 102, '2018-08-06', 5, 5415, 'Julio', '2018', '2018-07-01', 10830, 'Si'),
(120, 5415, 5431, 102, '2018-09-06', 5, 16, 'Agosto', '2018', '2018-08-01', 32, 'No'),
(121, 0, 0, 103, '2018-06-01', 5, 0, 'Junio', '2018', '2018-06-01', 0, ''),
(122, 0, 257, 103, '2018-08-06', 5, 257, 'Julio', '2018', '2018-07-01', 514, 'Si'),
(123, 257, 261, 103, '2018-09-06', 5, 4, 'Agosto', '2018', '2018-08-01', 10, 'Si'),
(124, 0, 0, 104, '2018-01-01', 5, 0, 'Enero', '2018', '2018-01-01', 0, ''),
(125, 0, 512, 104, '2018-03-06', 5, 512, 'Febrero', '2018', '2018-02-01', 1024, 'Si'),
(126, 512, 520, 104, '2018-04-08', 5, 8, 'Marzo', '2018', '2018-03-01', 16, 'No'),
(127, 520, 525, 104, '2018-05-01', 5, 5, 'Abril', '2018', '2018-04-01', 10, 'No'),
(128, 525, 530, 104, '2018-06-04', 5, 5, 'Mayo', '2018', '2018-05-01', 10, 'No'),
(129, 530, 532, 104, '2018-06-01', 5, 2, 'Junio', '2018', '2018-06-01', 10, 'No'),
(130, 532, 541, 104, '2018-08-06', 5, 9, 'Julio', '2018', '2018-07-01', 18, 'No'),
(131, 541, 547, 104, '2018-08-01', 5, 6, 'Agosto', '2018', '2018-08-01', 12, 'No'),
(132, 0, 0, 105, '2018-03-01', 5, 0, 'Marzo', '2018', '2018-03-01', 0, ''),
(133, 0, 233, 105, '2018-05-01', 5, 233, 'Abril', '2018', '2018-04-01', 466, 'Si'),
(134, 233, 248, 105, '2018-06-04', 5, 15, 'Mayo', '2018', '2018-05-01', 30, 'Si'),
(135, 248, 252, 105, '2018-07-07', 5, 4, 'Junio', '2018', '2018-06-01', 10, 'Si'),
(136, 252, 257, 105, '2018-08-06', 5, 5, 'Julio', '2018', '2018-07-01', 10, 'Si'),
(137, 257, 265, 105, '2018-09-06', 5, 8, 'Agosto', '2018', '2018-08-01', 16, 'Si'),
(138, 0, 0, 106, '2018-06-01', 5, 0, 'Junio', '2018', '2018-06-01', 0, ''),
(139, 0, 193, 106, '2018-08-06', 5, 193, 'Julio', '2018', '2018-07-01', 386, 'Si'),
(140, 193, 199, 106, '2018-09-06', 5, 6, 'Agosto', '2018', '2018-08-01', 12, 'No'),
(141, 0, 0, 107, '2018-01-01', 5, 0, 'Enero', '2018', '2018-01-01', 0, ''),
(142, 0, 469, 107, '2018-03-01', 5, 469, 'Febrero', '2018', '2018-02-01', 938, 'Si'),
(143, 469, 489, 107, '2018-04-08', 5, 20, 'Marzo', '2018', '2018-03-01', 40, 'No'),
(144, 489, 511, 107, '2018-05-01', 5, 22, 'Abril', '2018', '2018-04-01', 44, 'No'),
(145, 511, 531, 107, '2018-06-04', 5, 20, 'Mayo', '2018', '2018-05-01', 40, 'No'),
(146, 531, 582, 107, '2018-07-07', 5, 51, 'Junio', '2018', '2018-06-01', 102, 'No'),
(147, 582, 610, 107, '2018-08-06', 5, 28, 'Julio', '2018', '2018-07-01', 56, 'No'),
(148, 610, 637, 107, '2018-09-06', 5, 27, 'Agosto', '2018', '2018-08-01', 54, 'No'),
(149, 0, 0, 108, '2018-07-01', 5, 0, 'Julio', '2018', '2018-07-01', 0, ''),
(150, 0, 446, 108, '2018-09-06', 5, 446, 'Agosto', '2018', '2018-08-01', 892, 'Si'),
(151, 0, 0, 109, '2018-01-01', 5, 0, 'Enero', '2018', '2018-01-01', 0, ''),
(152, 0, 77, 109, '2018-03-06', 5, 77, 'Febrero', '2018', '2018-02-01', 154, 'Si'),
(153, 77, 79, 109, '2018-04-01', 5, 2, 'Marzo', '2018', '2018-03-01', 10, 'No'),
(154, 79, 82, 109, '2018-05-01', 5, 3, 'Abril', '2018', '2018-04-01', 10, 'No'),
(155, 82, 88, 109, '2018-06-01', 5, 6, 'Mayo', '2018', '2018-05-01', 12, 'No'),
(156, 88, 93, 109, '2018-07-07', 5, 5, 'Junio', '2018', '2018-06-01', 10, 'No'),
(157, 93, 95, 109, '2018-08-06', 5, 2, 'Julio', '2018', '2018-07-01', 10, 'No'),
(158, 95, 97, 109, '2018-09-06', 5, 2, 'Agosto', '2018', '2018-08-01', 10, 'No'),
(159, 0, 0, 110, '2017-12-01', 5, 0, 'Diciembre', '2017', '2017-12-01', 0, ''),
(160, 0, 234, 110, '2018-02-05', 5, 234, '', '2018', '2018-01-01', 468, 'Si'),
(161, 0, 0, 111, '2018-01-01', 5, 0, 'Enero', '2018', '2018-01-01', 0, ''),
(162, 0, 76, 111, '2018-03-01', 5, 76, 'Febrero', '2018', '2018-02-01', 152, 'Si'),
(163, 76, 79, 111, '2018-04-01', 5, 3, 'Marzo', '2018', '2018-03-01', 10, 'No'),
(164, 0, 0, 112, '2018-01-01', 5, 0, 'Enero', '2018', '2018-01-01', 0, ''),
(165, 0, 0, 113, '2018-01-31', 5, 0, 'Enero', '2018', '2018-01-31', 0, ''),
(166, 0, 270, 113, '2018-03-01', 5, 270, 'Febrero', '2018', '2018-02-01', 540, 'Si'),
(167, 270, 270, 113, '2018-04-08', 5, 0, 'Marzo', '2018', '2018-03-01', 10, 'No'),
(168, 270, 270, 113, '2018-05-06', 5, 0, 'Abril', '2018', '2018-04-01', 10, 'No'),
(169, 270, 270, 113, '2018-06-04', 5, 0, 'Mayo', '2018', '2018-05-01', 10, 'No'),
(170, 270, 270, 113, '2018-07-07', 5, 0, 'Junio', '2018', '2018-06-01', 10, 'No'),
(171, 270, 270, 113, '2018-08-06', 5, 0, 'Julio', '2018', '2018-07-01', 10, 'No'),
(172, 270, 270, 113, '2018-09-06', 5, 0, 'Agosto', '2018', '2018-08-01', 10, 'No'),
(173, 0, 0, 114, '2018-06-01', 5, 0, 'Junio', '2018', '2018-06-01', 0, ''),
(174, 0, 480, 114, '2018-08-06', 5, 480, 'Julio', '2018', '2018-07-01', 960, 'Si'),
(175, 480, 505, 114, '2018-09-06', 5, 25, 'Agosto', '2018', '2018-09-18', 50, 'No'),
(176, 0, 0, 115, '2018-06-01', 5, 0, 'Junio', '2018', '2018-06-01', 0, ''),
(177, 0, 2945, 115, '2018-08-06', 5, 2945, 'Julio', '2018', '2018-07-01', 5890, 'Si'),
(178, 2945, 2952, 115, '2018-09-06', 5, 7, 'Agosto', '2018', '2018-08-01', 14, 'Si'),
(179, 0, 0, 116, '2018-01-01', 5, 0, 'Enero', '2018', '2018-01-01', 0, ''),
(180, 0, 965, 116, '2018-03-06', 5, 965, 'Febrero', '2018', '2018-02-01', 1930, 'Si'),
(181, 0, 0, 117, '2018-06-01', 5, 0, 'Junio', '2018', '2018-06-01', 0, ''),
(182, 0, 824, 117, '2018-08-06', 5, 824, 'Julio', '2018', '2018-07-01', 1648, 'Si'),
(183, 824, 833, 117, '2018-09-06', 5, 9, 'Agosto', '2018', '2018-08-01', 18, 'No'),
(184, 0, 0, 118, '2018-06-01', 5, 0, 'Junio', '2018', '2018-06-01', 0, ''),
(185, 0, 0, 118, '2018-08-07', 5, 0, 'Julio', '2018', '2018-07-01', 10, 'Si'),
(186, 0, 0, 118, '2018-09-06', 5, 0, 'Agosto', '2018', '2018-08-01', 10, 'Si'),
(187, 0, 0, 119, '2018-04-01', 5, 0, 'Abril', '2018', '2018-04-01', 0, ''),
(188, 0, 22, 119, '2018-06-04', 5, 22, 'Mayo', '2018', '2018-05-01', 44, 'Si'),
(189, 22, 28, 119, '2018-07-07', 5, 6, 'Junio', '2018', '2018-06-01', 12, 'No'),
(190, 28, 36, 119, '2018-08-06', 5, 8, 'Julio', '2018', '2018-07-01', 16, 'No'),
(191, 36, 80, 119, '2018-09-06', 5, 44, 'Agosto', '2018', '2018-08-01', 88, 'No'),
(192, 0, 0, 120, '2018-01-01', 5, 0, 'Enero', '2018', '2018-01-01', 0, ''),
(193, 0, 16, 120, '2018-03-01', 5, 16, 'Febrero', '2018', '2018-02-01', 32, 'No'),
(194, 16, 31, 120, '2018-04-03', 5, 15, 'Marzo', '2018', '2018-03-01', 30, 'No'),
(195, 31, 50, 120, '2018-05-01', 5, 19, 'Abril', '2018', '2018-04-01', 38, 'No'),
(196, 50, 69, 120, '2018-06-04', 5, 19, 'Mayo', '2018', '2018-05-01', 38, 'No'),
(197, 69, 87, 120, '2018-07-07', 5, 18, 'Junio', '2018', '2018-06-01', 36, 'No'),
(198, 87, 104, 120, '2018-08-06', 6, 17, 'Julio', '2018', '2018-07-01', 34, 'No'),
(199, 104, 110, 120, '2018-09-06', 6, 6, 'Agosto', '2018', '2018-08-01', 12, 'No'),
(200, 0, 0, 121, '2018-01-01', 5, 0, 'Enero', '2018', '2018-01-01', 0, ''),
(201, 0, 18, 121, '2018-02-01', 5, 18, 'Febrero', '2018', '2018-02-01', 36, 'Si'),
(202, 18, 31, 121, '2018-04-03', 5, 13, 'Marzo', '2018', '2018-03-01', 26, 'No'),
(203, 31, 44, 121, '2018-05-01', 5, 13, 'Abril', '2018', '2018-04-01', 26, 'No'),
(204, 44, 53, 121, '2018-06-04', 5, 9, 'Mayo', '2018', '2018-05-01', 18, 'No'),
(205, 53, 66, 121, '2018-07-07', 5, 13, 'Junio', '2018', '2018-06-01', 26, 'No'),
(206, 66, 79, 121, '2018-08-06', 5, 13, 'Julio', '2018', '2018-07-01', 26, 'No'),
(207, 79, 90, 121, '2018-09-06', 5, 11, 'Agosto', '2018', '2018-08-01', 22, 'No'),
(208, 0, 0, 122, '2018-04-01', 5, 0, 'Abril', '2018', '2018-04-01', 0, ''),
(209, 0, 2278, 122, '2018-06-04', 5, 2278, 'Mayo', '2018', '2018-05-01', 4556, 'Si'),
(210, 2278, 2299, 122, '2018-07-07', 5, 21, 'Junio', '2018', '2018-06-01', 42, 'Si'),
(211, 2299, 2310, 122, '2018-08-06', 5, 11, 'Julio', '2018', '2018-07-01', 22, 'No'),
(212, 2310, 2330, 122, '2018-09-06', 5, 20, 'Agosto', '2018', '2018-08-01', 40, 'No'),
(213, 0, 0, 123, '2018-05-01', 5, 0, 'Mayo', '2018', '2018-05-01', 0, ''),
(214, 0, 85, 123, '2018-07-07', 5, 85, 'Junio', '2018', '2018-06-01', 170, 'Si'),
(215, 85, 89, 123, '2018-08-06', 5, 4, 'Julio', '2018', '2018-07-01', 10, 'Si'),
(216, 89, 92, 123, '2018-09-06', 5, 3, 'Agosto', '2018', '2018-08-01', 10, 'Si'),
(217, 0, 0, 124, '2018-03-01', 5, 0, 'Marzo', '2018', '2018-03-01', 0, ''),
(218, 0, 1720, 124, '2018-05-01', 5, 1720, 'Abril', '2018', '2018-04-01', 3440, 'Si'),
(219, 1720, 1736, 124, '2018-06-04', 5, 16, 'Mayo', '2018', '2018-05-01', 32, 'Si'),
(220, 1736, 1751, 124, '2018-07-07', 5, 15, 'Junio', '2018', '2018-06-01', 30, 'No'),
(221, 1751, 1769, 124, '2018-08-06', 5, 18, 'Julio', '2018', '2018-07-01', 36, 'No'),
(222, 1769, 1769, 124, '2018-09-06', 5, 0, 'Agosto', '2018', '2018-08-01', 10, 'No'),
(223, 0, 0, 125, '2018-01-01', 5, 0, 'Enero', '2018', '2018-01-01', 0, ''),
(224, 0, 0, 125, '2018-03-01', 5, 0, 'Febrero', '2018', '2018-02-01', 10, 'No'),
(225, 0, 0, 125, '2018-04-01', 5, 0, 'Marzo', '2018', '2018-03-01', 10, 'No'),
(226, 0, 0, 125, '2018-05-01', 5, 0, 'Abril', '2018', '2018-04-01', 10, 'No'),
(227, 0, 8, 125, '2018-06-04', 5, 8, 'Mayo', '2018', '2018-05-01', 16, 'No'),
(228, 8, 16, 125, '2018-07-07', 5, 8, 'Junio', '2018', '2018-06-01', 16, 'No'),
(229, 16, 24, 125, '2018-08-06', 5, 8, 'Julio', '2018', '2018-07-01', 16, 'No'),
(230, 24, 32, 125, '2018-09-06', 5, 8, 'Agosto', '2018', '2018-08-01', 16, 'No'),
(231, 0, 0, 126, '2018-06-01', 5, 0, 'Junio', '2018', '2018-06-01', 0, ''),
(232, 0, 460, 126, '2018-08-06', 5, 460, 'Julio', '2018', '2018-07-01', 920, 'Si'),
(233, 460, 471, 126, '2018-09-06', 5, 11, 'Agosto', '2018', '2018-08-01', 22, 'Si'),
(234, 0, 0, 127, '2018-04-01', 5, 0, 'Abril', '2018', '2018-04-01', 0, ''),
(235, 0, 1767, 127, '2018-06-04', 5, 1767, 'Mayo', '2018', '2018-05-01', 3534, 'Si'),
(236, 1767, 1769, 127, '2018-07-07', 5, 2, 'Junio', '2018', '2018-06-01', 10, 'Si'),
(237, 1769, 1770, 127, '2018-08-06', 5, 1, 'Julio', '2018', '2018-07-01', 10, 'Si'),
(238, 1770, 1774, 127, '2018-09-06', 5, 4, 'Agosto', '2018', '2018-09-01', 10, 'Si'),
(239, 0, 0, 128, '2018-05-01', 5, 0, 'Mayo', '2018', '2018-05-01', 0, ''),
(240, 0, 181, 128, '2018-07-07', 5, 181, 'Junio', '2018', '2018-06-01', 362, 'Si'),
(241, 181, 184, 128, '2018-08-06', 5, 3, 'Julio', '2018', '2018-07-01', 10, 'Si'),
(242, 184, 187, 128, '2018-09-06', 5, 3, 'Agosto', '2018', '2018-09-19', 10, 'Si'),
(243, 0, 0, 129, '2018-05-01', 5, 0, 'Mayo', '2018', '2018-05-01', 0, ''),
(244, 0, 338, 129, '2018-07-07', 5, 338, 'Junio', '2018', '2018-06-01', 676, 'Si'),
(245, 338, 344, 129, '2018-08-06', 5, 6, 'Julio', '2018', '2018-09-01', 12, 'Si'),
(246, 344, 350, 129, '2018-09-06', 5, 6, 'Agosto', '2018', '2018-09-01', 12, 'Si'),
(247, 0, 0, 130, '2018-06-01', 5, 0, 'Junio', '2018', '2018-06-01', 0, ''),
(248, 0, 1030, 130, '2018-08-06', 5, 1030, 'Julio', '2018', '2018-09-19', 2060, 'Si'),
(249, 1030, 1067, 130, '2018-09-06', 5, 37, 'Agosto', '2018', '2018-09-19', 74, 'Si'),
(250, 0, 0, 131, '2018-06-01', 5, 0, 'Junio', '2018', '2018-06-01', 0, ''),
(251, 0, 0, 131, '2018-08-06', 5, 0, 'Julio', '2018', '2018-09-19', 10, 'Si'),
(252, 0, 0, 131, '2018-09-06', 5, 0, 'Agosto', '2018', '2018-09-19', 10, 'Si'),
(253, 0, 0, 132, '2018-06-01', 5, 0, 'Junio', '2018', '2018-06-01', 0, ''),
(254, 0, 2284, 132, '2018-08-06', 5, 2284, 'Julio', '2018', '2018-09-19', 4568, 'Si'),
(255, 2284, 2297, 132, '2018-09-06', 5, 13, 'Agosto', '2018', '2018-09-19', 26, 'Si'),
(256, 0, 0, 133, '2018-06-01', 5, 0, 'Junio', '2018', '2018-06-01', 0, ''),
(257, 0, 1472, 133, '2018-08-06', 5, 1472, 'Julio', '2018', '2018-09-19', 2944, 'Si'),
(258, 1472, 1476, 133, '2018-09-06', 5, 4, 'Agosto', '2018', '2018-09-19', 10, 'Si'),
(259, 0, 0, 134, '2018-01-01', 5, 0, 'Enero', '2018', '2018-01-01', 0, ''),
(260, 0, 0, 135, '2018-01-01', 5, 0, 'Enero', '2018', '2018-01-01', 0, ''),
(261, 0, 1417, 135, '2018-03-06', 5, 1417, 'Febrero', '2018', '2018-09-19', 2834, 'Si'),
(262, 1417, 1441, 135, '2018-04-08', 5, 24, 'Marzo', '2018', '2018-09-19', 48, 'No'),
(263, 1441, 1461, 135, '2018-05-01', 5, 20, 'Abril', '2018', '2018-09-19', 40, 'No'),
(264, 1461, 1478, 135, '2018-06-04', 5, 17, 'Mayo', '2018', '2018-09-19', 34, 'No'),
(265, 1478, 1490, 135, '2018-07-07', 5, 12, 'Junio', '2018', '2018-09-19', 24, 'No'),
(266, 1490, 1501, 135, '2018-08-06', 5, 11, 'Julio', '2018', '2018-09-19', 22, 'No'),
(267, 1501, 1512, 135, '2018-09-06', 5, 11, 'Agosto', '2018', '2018-09-19', 22, 'No'),
(268, 0, 0, 136, '2018-01-01', 5, 0, 'Enero', '2018', '2018-01-01', 0, ''),
(269, 0, 44, 136, '2018-03-06', 5, 44, 'Febrero', '2018', '2018-09-19', 88, 'Si'),
(270, 44, 47, 136, '2018-04-08', 5, 3, 'Marzo', '2018', '2018-09-19', 10, 'No'),
(271, 47, 50, 136, '2018-05-01', 5, 3, 'Abril', '2018', '2018-09-19', 10, 'No'),
(272, 50, 60, 136, '2018-06-04', 5, 10, 'Mayo', '2018', '2018-09-19', 20, 'No'),
(273, 60, 66, 136, '2018-07-07', 5, 6, 'Junio', '2018', '2018-09-19', 12, 'No'),
(274, 66, 70, 136, '2018-08-06', 5, 4, 'Julio', '2018', '2018-09-19', 10, 'No'),
(275, 70, 73, 136, '2018-09-06', 5, 3, 'Agosto', '2018', '2018-09-19', 10, 'No'),
(276, 0, 0, 137, '2018-06-01', 5, 0, 'Junio', '2018', '2018-06-01', 0, ''),
(277, 0, 0, 137, '2018-08-06', 5, 0, 'Julio', '2018', '2018-09-19', 10, 'Si'),
(278, 69, 69, 137, '2018-09-06', 5, 0, 'Agosto', '2018', '2018-09-19', 10, 'Si'),
(279, 0, 0, 138, '2018-01-01', 5, 0, 'Enero', '2018', '2018-01-01', 0, ''),
(280, 0, 56, 138, '2018-03-06', 5, 56, 'Febrero', '2018', '2018-09-19', 112, 'Si'),
(281, 56, 57, 138, '2018-04-08', 5, 1, 'Marzo', '2018', '2018-09-19', 10, 'No'),
(282, 57, 58, 138, '2018-05-01', 5, 1, 'Abril', '2018', '2018-09-19', 10, 'No'),
(283, 58, 59, 138, '2018-06-04', 5, 1, 'Mayo', '2018', '2018-09-19', 10, 'No'),
(284, 59, 61, 138, '2018-07-07', 5, 2, 'Junio', '2018', '2018-09-19', 10, 'No'),
(285, 61, 62, 138, '2018-08-06', 5, 1, 'Julio', '2018', '2018-09-19', 10, 'No'),
(286, 62, 64, 138, '2018-09-06', 5, 2, 'Agosto', '2018', '2018-09-19', 10, 'No'),
(287, 0, 0, 139, '2018-03-01', 5, 0, 'Marzo', '2018', '2018-03-01', 0, ''),
(288, 0, 1178, 139, '2018-05-01', 5, 1178, 'Abril', '2018', '2018-09-19', 2356, 'Si'),
(289, 1178, 1181, 139, '2018-06-04', 5, 3, 'Mayo', '2018', '2018-09-19', 10, 'Si'),
(290, 1181, 1183, 139, '2018-07-07', 5, 2, 'Junio', '2018', '2018-09-19', 10, 'No'),
(291, 1183, 1185, 139, '2018-08-06', 5, 2, 'Julio', '2018', '2018-09-19', 10, 'No'),
(292, 1185, 1185, 139, '2018-09-06', 5, 0, 'Agosto', '2018', '2018-09-19', 10, 'No'),
(293, 0, 0, 140, '2018-01-01', 5, 0, 'Enero', '2018', '2018-01-01', 0, ''),
(294, 0, 159, 140, '2018-03-06', 5, 159, 'Febrero', '2018', '2018-09-19', 318, 'Si'),
(295, 159, 167, 140, '2018-04-08', 5, 8, 'Marzo', '2018', '2018-09-19', 16, 'No'),
(296, 167, 174, 140, '2018-05-01', 5, 7, 'Abril', '2018', '2018-09-19', 14, 'No'),
(297, 174, 183, 140, '2018-06-04', 5, 9, 'Mayo', '2018', '2018-09-19', 18, 'No'),
(298, 183, 190, 140, '2018-07-07', 5, 7, 'Junio', '2018', '2018-09-19', 14, 'No'),
(299, 190, 196, 140, '2018-08-06', 5, 6, 'Julio', '2018', '2018-09-19', 12, 'No'),
(300, 196, 205, 140, '2018-09-06', 5, 9, 'Agosto', '2018', '2018-09-19', 18, 'No'),
(301, 0, 0, 141, '2018-05-01', 5, 0, 'Mayo', '2018', '2018-05-01', 0, ''),
(302, 0, 2384, 141, '2018-07-07', 5, 2384, 'Junio', '2018', '2018-09-19', 4768, 'Si'),
(303, 2384, 2392, 141, '2018-08-06', 5, 8, 'Julio', '2018', '2018-09-19', 16, 'No'),
(304, 2392, 2402, 141, '2018-09-06', 5, 10, 'Agosto', '2018', '2018-09-19', 20, 'No'),
(305, 0, 0, 142, '2018-01-01', 5, 0, 'Enero', '2018', '2018-01-01', 0, ''),
(306, 0, 2160, 142, '2018-03-06', 5, 2160, 'Febrero', '2018', '2018-09-19', 4320, 'Si'),
(307, 2160, 2160, 142, '2018-04-06', 5, 0, 'Marzo', '2018', '2018-09-19', 10, 'No'),
(308, 2160, 2160, 142, '2018-05-01', 5, 0, 'Abril', '2018', '2018-09-19', 10, 'No'),
(309, 2160, 2160, 142, '2018-06-04', 5, 0, 'Mayo', '2018', '2018-09-19', 10, 'No'),
(310, 2160, 2160, 142, '2018-07-07', 5, 0, 'Junio', '2018', '2018-09-19', 10, 'No'),
(311, 2160, 2160, 142, '2018-08-06', 5, 0, 'Julio', '2018', '2018-09-19', 10, 'No'),
(312, 2160, 2160, 142, '2018-09-06', 5, 0, 'Agosto', '2018', '2018-09-19', 10, 'No'),
(313, 0, 0, 143, '2018-05-01', 5, 0, 'Mayo', '2018', '2018-05-01', 0, ''),
(314, 0, 803, 143, '2018-07-07', 5, 803, 'Junio', '2018', '2018-09-19', 1606, 'Si'),
(315, 803, 817, 143, '2018-08-06', 5, 14, 'Julio', '2018', '2018-09-19', 28, 'No'),
(316, 817, 831, 143, '2018-09-06', 5, 14, 'Agosto', '2018', '2018-09-19', 28, 'No'),
(317, 0, 0, 144, '2018-05-01', 5, 0, 'Mayo', '2018', '2018-05-01', 0, ''),
(318, 0, 360, 144, '2018-07-07', 5, 360, 'Junio', '2018', '2018-09-19', 720, 'Si'),
(319, 360, 379, 144, '2018-08-06', 5, 19, 'Julio', '2018', '2018-09-19', 38, 'Si'),
(320, 379, 391, 144, '2018-09-06', 5, 12, 'Agosto', '2018', '2018-09-19', 24, 'Si'),
(321, 0, 0, 145, '2018-01-01', 5, 0, 'Enero', '2018', '2018-01-01', 0, ''),
(322, 0, 297, 145, '2018-03-06', 5, 297, 'Febrero', '2018', '2018-09-20', 594, 'Si'),
(323, 297, 307, 145, '2018-04-08', 5, 10, 'Marzo', '2018', '2018-09-20', 20, 'No'),
(324, 307, 333, 145, '2018-05-01', 5, 26, 'Abril', '2018', '2018-09-20', 52, 'No'),
(325, 333, 344, 145, '2018-06-04', 5, 11, 'Mayo', '2018', '2018-09-20', 22, 'No'),
(326, 344, 353, 145, '2018-07-07', 5, 9, 'Junio', '2018', '2018-09-20', 18, 'No'),
(327, 353, 363, 145, '2018-08-06', 5, 10, 'Julio', '2018', '2018-09-20', 20, 'No'),
(328, 363, 371, 145, '2018-09-06', 5, 8, 'Agosto', '2018', '2018-09-20', 16, 'No'),
(329, 0, 0, 146, '2018-01-01', 5, 0, 'Enero', '2018', '2018-01-01', 0, ''),
(330, 0, 637, 146, '2018-03-06', 5, 637, 'Febrero', '2018', '2018-09-20', 1274, 'Si'),
(331, 0, 0, 147, '2018-01-01', 5, 0, 'Enero', '2018', '2018-01-01', 0, ''),
(332, 0, 0, 148, '2018-01-01', 5, 0, 'Enero', '2018', '2018-01-01', 0, ''),
(333, 0, 567, 148, '2018-03-04', 5, 567, 'Febrero', '2018', '2018-09-20', 1134, 'Si'),
(334, 567, 568, 148, '2018-04-04', 5, 1, 'Marzo', '2018', '2018-09-20', 10, 'No'),
(335, 568, 569, 148, '2018-05-01', 5, 1, 'Abril', '2018', '2018-09-20', 10, 'No'),
(336, 569, 585, 148, '2018-06-04', 5, 16, 'Mayo', '2018', '2018-09-20', 32, 'No'),
(337, 585, 602, 148, '2018-07-07', 5, 17, 'Junio', '2018', '2018-09-20', 34, 'No'),
(338, 602, 602, 148, '2018-08-06', 5, 0, 'Julio', '2018', '2018-09-20', 10, 'No'),
(339, 602, 637, 148, '2018-09-06', 5, 35, 'Agosto', '2018', '2018-09-20', 70, 'No'),
(340, 0, 0, 149, '2018-04-01', 5, 0, 'Abril', '2018', '2018-04-01', 0, ''),
(341, 0, 676, 149, '2018-06-04', 5, 676, 'Mayo', '2018', '2018-09-20', 1352, 'Si'),
(342, 676, 678, 149, '2018-07-07', 5, 2, 'Junio', '2018', '2018-09-20', 10, 'Si'),
(343, 678, 680, 149, '2018-08-06', 5, 2, 'Julio', '2018', '2018-09-20', 10, 'Si'),
(344, 680, 682, 149, '2018-09-06', 5, 2, 'Agosto', '2018', '2018-09-20', 10, 'Si'),
(345, 0, 0, 150, '2018-05-01', 5, 0, 'Mayo', '2018', '2018-05-01', 0, ''),
(346, 0, 273, 150, '2018-07-07', 5, 273, 'Junio', '2018', '2018-09-20', 546, 'Si'),
(347, 273, 285, 150, '2018-08-06', 5, 12, 'Julio', '2018', '2018-09-20', 24, 'Si'),
(348, 285, 299, 150, '2018-09-06', 5, 14, 'Agosto', '2018', '2018-09-20', 28, 'No'),
(349, 0, 0, 151, '2018-05-01', 5, 0, 'Mayo', '2018', '2018-05-01', 0, ''),
(350, 0, 400, 151, '2018-07-07', 5, 400, 'Junio', '2018', '2018-09-20', 800, 'Si'),
(351, 400, 410, 151, '2018-08-06', 5, 10, 'Julio', '2018', '2018-09-20', 20, 'Si'),
(352, 410, 420, 151, '2018-09-06', 5, 10, 'Agosto', '2018', '2018-09-20', 20, 'No'),
(353, 0, 0, 152, '2018-01-01', 5, 0, 'Enero', '2018', '2018-01-01', 0, ''),
(354, 0, 56, 152, '2018-03-03', 5, 56, 'Febrero', '2018', '2018-09-20', 112, 'Si'),
(355, 56, 73, 152, '2018-04-03', 5, 17, 'Marzo', '2018', '2018-09-20', 34, 'No'),
(356, 73, 82, 152, '2018-05-04', 5, 9, 'Abril', '2018', '2018-09-20', 18, 'No'),
(357, 82, 93, 152, '2018-06-04', 5, 11, 'Mayo', '2018', '2018-09-20', 22, 'No'),
(358, 93, 99, 152, '2018-07-07', 5, 6, 'Junio', '2018', '2018-09-20', 12, 'No'),
(359, 99, 116, 152, '2018-08-06', 5, 17, 'Julio', '2018', '2018-09-20', 34, 'No'),
(360, 116, 129, 152, '2018-09-06', 5, 13, 'Agosto', '2018', '2018-09-20', 26, 'No'),
(361, 0, 0, 153, '2018-01-01', 5, 0, 'Enero', '2018', '2018-01-01', 0, ''),
(362, 0, 65, 153, '2018-03-06', 5, 65, 'Febrero', '2018', '2018-09-20', 130, 'No'),
(363, 65, 73, 153, '2018-04-08', 5, 8, 'Marzo', '2018', '2018-09-20', 16, 'No'),
(364, 73, 78, 153, '2018-04-06', 5, 5, 'Abril', '2018', '2018-09-20', 10, 'No'),
(365, 78, 83, 153, '2018-06-04', 5, 5, 'Mayo', '2018', '2018-09-20', 10, 'No'),
(366, 83, 88, 153, '2018-07-07', 5, 5, 'Junio', '2018', '2018-09-20', 10, 'No'),
(367, 88, 93, 153, '2018-08-06', 5, 5, 'Julio', '2018', '2018-09-20', 10, 'No'),
(368, 93, 98, 153, '2018-09-06', 5, 5, 'Agosto', '2018', '2018-09-20', 10, 'No'),
(369, 0, 0, 154, '2018-06-01', 5, 0, 'Junio', '2018', '2018-06-01', 0, ''),
(370, 0, 644, 154, '2018-08-06', 5, 644, 'Julio', '2018', '2018-09-20', 1288, 'Si'),
(371, 644, 651, 154, '2018-09-06', 5, 7, 'Agosto', '2018', '2018-09-20', 14, 'Si'),
(372, 0, 0, 155, '2018-05-01', 5, 0, 'Mayo', '2018', '2018-05-01', 0, ''),
(373, 0, 850, 155, '2018-07-07', 5, 850, 'Junio', '2018', '2018-09-20', 1700, 'Si'),
(374, 850, 851, 155, '2018-08-06', 5, 1, 'Julio', '2018', '2018-09-20', 10, 'Si'),
(375, 851, 852, 155, '2018-09-06', 5, 1, 'Agosto', '2018', '2018-09-20', 10, 'No'),
(376, 0, 0, 156, '2018-06-01', 5, 0, 'Junio', '2018', '2018-06-01', 0, ''),
(377, 0, 276, 156, '2018-08-06', 5, 276, 'Julio', '2018', '2018-09-20', 552, 'Si'),
(378, 276, 280, 156, '2018-09-06', 5, 4, 'Agosto', '2018', '2018-09-20', 10, 'Si'),
(379, 0, 0, 157, '2018-01-01', 5, 0, 'Enero', '2018', '2018-01-01', 0, ''),
(380, 0, 380, 157, '2018-03-06', 5, 380, 'Febrero', '2018', '2018-09-20', 760, 'Si'),
(381, 380, 393, 157, '2018-04-08', 5, 13, 'Marzo', '2018', '2018-09-20', 26, 'No'),
(382, 393, 405, 157, '2018-05-01', 5, 12, 'Abril', '2018', '2018-09-20', 24, 'No'),
(383, 405, 421, 157, '2018-06-04', 5, 16, 'Mayo', '2018', '2018-09-20', 32, 'No'),
(384, 421, 438, 157, '2018-07-07', 5, 17, 'Junio', '2018', '2018-09-20', 34, 'No'),
(385, 438, 447, 157, '2018-08-06', 5, 9, 'Julio', '2018', '2018-09-20', 18, 'No'),
(386, 447, 458, 157, '2018-09-06', 5, 11, 'Agosto', '2018', '2018-09-20', 22, 'No'),
(387, 0, 0, 158, '2018-01-01', 5, 0, 'Enero', '2018', '2018-01-01', 0, ''),
(388, 0, 176, 158, '2018-03-06', 5, 176, 'Febrero', '2018', '2018-09-29', 352, 'Si'),
(389, 176, 187, 158, '2018-04-08', 5, 11, 'Marzo', '2018', '2018-09-29', 22, 'Si'),
(390, 187, 197, 158, '2018-05-01', 5, 10, 'Abril', '2018', '2018-09-29', 20, 'Si'),
(391, 197, 220, 158, '2018-06-04', 5, 23, 'Mayo', '2018', '2018-09-29', 46, 'Si'),
(392, 220, 233, 158, '2018-07-07', 5, 13, 'Junio', '2018', '2018-09-29', 26, 'Si'),
(393, 233, 256, 158, '2018-08-06', 5, 23, 'Julio', '2018', '2018-09-29', 46, 'Si'),
(394, 256, 268, 158, '2018-09-06', 5, 12, 'Agosto', '2018', '2018-09-29', 24, 'Si'),
(395, 0, 0, 159, '2018-06-01', 5, 0, 'Junio', '2018', '2018-06-01', 0, ''),
(396, 0, 252, 159, '2018-08-06', 5, 252, 'Julio', '2018', '2018-09-29', 504, 'Si'),
(397, 252, 267, 159, '2018-09-06', 5, 15, 'Agosto', '2018', '2018-09-29', 30, 'Si'),
(398, 0, 0, 160, '2018-01-01', 5, 0, 'Enero', '2018', '2018-01-01', 0, ''),
(399, 0, 124, 160, '2018-03-06', 5, 124, 'Febrero', '2018', '2018-09-29', 248, 'Si'),
(400, 124, 135, 160, '2018-04-08', 5, 11, 'Marzo', '2018', '2018-09-29', 22, 'No'),
(401, 135, 143, 160, '2018-05-01', 5, 8, 'Abril', '2018', '2018-09-29', 16, 'No'),
(402, 143, 152, 160, '2018-06-04', 5, 9, 'Mayo', '2018', '2018-09-29', 18, 'No'),
(403, 152, 163, 160, '2018-07-07', 5, 11, 'Junio', '2018', '2018-09-29', 22, 'No'),
(404, 163, 172, 160, '2018-08-06', 5, 9, 'Julio', '2018', '2018-09-29', 18, 'No'),
(405, 172, 181, 160, '2018-09-06', 5, 9, 'Agosto', '2018', '2018-09-29', 18, 'No'),
(406, 0, 0, 161, '2018-01-01', 5, 0, 'Enero', '2018', '2018-01-01', 0, ''),
(407, 0, 140, 161, '2018-03-10', 5, 140, 'Febrero', '2018', '2018-09-29', 280, 'Si'),
(408, 140, 154, 161, '2018-04-08', 5, 14, 'Marzo', '2018', '2018-09-29', 28, 'No'),
(409, 154, 166, 161, '2018-05-01', 5, 12, 'Abril', '2018', '2018-09-29', 24, 'No'),
(410, 166, 197, 161, '2018-06-04', 5, 31, 'Mayo', '2018', '2018-09-29', 62, 'No'),
(411, 197, 206, 161, '2018-07-07', 5, 9, 'Junio', '2018', '2018-09-29', 18, 'No'),
(412, 206, 209, 161, '2018-08-06', 5, 3, 'Julio', '2018', '2018-09-29', 10, 'No'),
(413, 209, 231, 161, '2018-09-06', 5, 22, 'Agosto', '2018', '2018-09-29', 44, 'No'),
(414, 0, 0, 162, '2018-01-01', 5, 0, 'Enero', '2018', '2018-01-01', 0, ''),
(415, 0, 67, 162, '2018-03-06', 5, 67, 'Febrero', '2018', '2018-09-30', 134, 'Si'),
(416, 67, 68, 162, '2018-04-08', 5, 1, 'Marzo', '2018', '2018-09-30', 10, 'No'),
(417, 68, 73, 162, '2018-05-01', 5, 5, 'Abril', '2018', '2018-09-30', 10, 'No'),
(418, 73, 82, 162, '2018-06-04', 5, 9, 'Mayo', '2018', '2018-09-30', 18, 'No'),
(419, 82, 86, 162, '2018-07-07', 5, 4, 'Junio', '2018', '2018-09-30', 10, 'No'),
(420, 86, 90, 162, '2018-08-06', 5, 4, 'Julio', '2018', '2018-09-30', 10, 'No'),
(421, 90, 97, 162, '2018-09-06', 5, 7, 'Agosto', '2018', '2018-09-30', 14, 'No'),
(422, 0, 0, 163, '2018-01-01', 5, 0, 'Enero', '2018', '2018-01-01', 0, ''),
(423, 0, 182, 163, '2018-03-06', 5, 182, 'Febrero', '2018', '2018-09-30', 364, 'Si'),
(424, 182, 200, 163, '2018-04-08', 5, 18, 'Marzo', '2018', '2018-09-30', 36, 'Si'),
(425, 200, 219, 163, '2018-05-01', 5, 19, 'Abril', '2018', '2018-09-30', 38, 'No'),
(426, 219, 240, 163, '2018-06-04', 5, 21, 'Mayo', '2018', '2018-09-30', 42, 'No'),
(427, 240, 263, 163, '2018-07-07', 5, 23, 'Junio', '2018', '2018-09-30', 46, 'No'),
(428, 263, 276, 163, '2018-08-06', 5, 13, 'Julio', '2018', '2018-09-30', 26, 'No'),
(429, 276, 287, 163, '2018-09-06', 5, 11, 'Agosto', '2018', '2018-09-30', 22, 'No'),
(430, 0, 0, 164, '2018-05-01', 5, 0, 'Mayo', '2018', '2018-05-01', 0, ''),
(431, 0, 71, 164, '2018-07-07', 5, 71, 'Junio', '2018', '2018-09-30', 142, 'Si'),
(432, 71, 76, 164, '2018-08-06', 5, 5, 'Julio', '2018', '2018-09-30', 10, 'Si'),
(433, 76, 81, 164, '2018-09-06', 5, 5, 'Agosto', '2018', '2018-09-30', 10, 'No'),
(434, 0, 0, 165, '2018-01-01', 5, 0, 'Enero', '2018', '2018-01-01', 0, ''),
(435, 0, 235, 165, '2018-03-04', 5, 235, 'Febrero', '2018', '2018-09-30', 470, 'Si'),
(436, 235, 264, 165, '2018-04-01', 5, 29, 'Marzo', '2018', '2018-09-30', 58, 'Si'),
(437, 264, 293, 165, '2018-05-01', 5, 29, 'Abril', '2018', '2018-09-30', 58, 'Si'),
(438, 293, 322, 165, '2018-06-04', 5, 29, 'Mayo', '2018', '2018-09-30', 58, 'Si'),
(439, 322, 351, 165, '2018-07-07', 5, 29, 'Junio', '2018', '2018-09-30', 58, 'Si'),
(440, 351, 410, 165, '2018-08-06', 5, 59, 'Julio', '2018', '2018-09-30', 118, 'Si'),
(441, 0, 0, 166, '2018-01-01', 5, 0, 'Enero', '2018', '2018-01-01', 0, ''),
(442, 0, 5, 166, '2018-03-06', 5, 5, 'Febrero', '2018', '2018-09-30', 10, 'Si'),
(443, 5, 9, 166, '2018-04-08', 5, 4, 'Marzo', '2018', '2018-09-30', 10, 'Si'),
(444, 9, 16, 166, '2018-05-01', 5, 7, 'Abril', '2018', '2018-09-30', 14, 'No'),
(445, 16, 16, 166, '2018-06-04', 5, 0, 'Mayo', '2018', '2018-09-30', 10, 'No'),
(446, 16, 16, 166, '2018-07-07', 5, 0, 'Junio', '2018', '2018-09-30', 10, 'No'),
(447, 16, 26, 166, '2018-08-06', 5, 10, 'Julio', '2018', '2018-09-30', 20, 'No'),
(448, 26, 31, 166, '2018-09-06', 5, 5, 'Agosto', '2018', '2018-09-30', 10, 'No'),
(449, 0, 0, 167, '2018-06-01', 5, 0, 'Junio', '2018', '2018-06-01', 0, ''),
(450, 0, 100, 167, '2018-08-06', 5, 100, 'Julio', '2018', '2018-09-01', 200, 'Si'),
(451, 100, 105, 167, '2018-09-06', 5, 5, 'Agosto', '2018', '2018-09-01', 10, 'Si'),
(452, 0, 0, 168, '2018-01-01', 5, 0, 'Enero', '2018', '2018-01-01', 0, ''),
(453, 0, 89, 168, '2018-03-06', 5, 89, 'Febrero', '2018', '2018-09-30', 178, 'Si'),
(454, 89, 94, 168, '2018-04-08', 5, 5, 'Marzo', '2018', '2018-09-30', 10, 'No'),
(455, 94, 99, 168, '2018-05-01', 5, 5, 'Abril', '2018', '2018-09-30', 10, 'No'),
(456, 99, 108, 168, '2018-06-04', 5, 9, 'Mayo', '2018', '2018-09-30', 18, 'No'),
(457, 108, 113, 168, '2018-07-07', 5, 5, 'Junio', '2018', '2018-09-30', 10, 'No'),
(458, 113, 113, 168, '2018-08-06', 5, 0, 'Julio', '2018', '2018-09-30', 10, 'No'),
(459, 113, 121, 168, '2018-09-06', 5, 8, 'Agosto', '2018', '2018-09-30', 16, 'No'),
(460, 0, 0, 169, '2018-01-01', 5, 0, 'Enero', '2018', '2018-01-01', 0, ''),
(461, 0, 1136, 169, '2018-03-06', 5, 1136, 'Febrero', '2018', '2018-09-30', 2272, 'Si'),
(462, 1136, 1237, 169, '2018-04-08', 5, 101, 'Marzo', '2018', '2018-09-30', 202, 'No'),
(463, 1237, 1262, 169, '2018-05-01', 5, 25, 'Abril', '2018', '2018-09-30', 50, 'No'),
(464, 1262, 1321, 169, '2018-06-04', 5, 59, 'Mayo', '2018', '2018-09-30', 118, 'No'),
(465, 1321, 1425, 169, '2018-07-07', 5, 104, 'Junio', '2018', '2018-09-30', 208, 'No'),
(466, 1425, 1583, 169, '2018-08-06', 5, 158, 'Julio', '2018', '2018-09-30', 316, 'No'),
(467, 1583, 1824, 169, '2018-09-06', 5, 241, 'Agosto', '2018', '2018-09-30', 482, 'No'),
(468, 0, 0, 170, '2018-07-01', 5, 0, 'Julio', '2018', '2018-07-01', 0, ''),
(469, 0, 86, 170, '2018-09-06', 5, 86, 'Agosto', '2018', '2018-09-30', 172, 'No'),
(470, 0, 0, 171, '2018-05-01', 5, 0, 'Mayo', '2018', '2018-05-01', 0, ''),
(471, 0, 16, 171, '2018-07-07', 5, 16, 'Junio', '2018', '2018-09-01', 32, 'No'),
(472, 16, 32, 171, '2018-08-06', 5, 16, 'Julio', '2018', '2018-09-01', 32, 'No'),
(473, 32, 47, 171, '2018-09-06', 5, 15, 'Agosto', '2018', '2018-09-01', 30, 'No'),
(474, 0, 0, 172, '2018-06-01', 5, 0, 'Junio', '2018', '2018-06-01', 0, ''),
(475, 0, 107, 172, '2018-08-06', 5, 107, 'Julio', '2018', '2018-09-30', 214, 'Si'),
(476, 107, 118, 172, '2018-09-06', 5, 11, 'Agosto', '2018', '2018-09-30', 22, 'Si'),
(477, 0, 0, 173, '2018-01-01', 5, 0, 'Enero', '2018', '2018-01-01', 0, ''),
(478, 0, 48, 173, '2018-03-04', 5, 48, 'Febrero', '2018', '2018-09-01', 96, 'Si'),
(479, 48, 53, 173, '2018-04-03', 5, 5, 'Marzo', '2018', '2018-09-01', 10, 'Si'),
(480, 53, 58, 173, '2018-05-01', 5, 5, 'Abril', '2018', '2018-09-01', 10, 'Si'),
(481, 58, 63, 173, '2018-06-04', 5, 5, 'Mayo', '2018', '2018-09-01', 10, 'No'),
(482, 63, 68, 173, '2018-07-07', 5, 5, 'Junio', '2018', '2018-09-01', 10, 'No'),
(483, 68, 73, 173, '2018-08-06', 5, 5, 'Julio', '2018', '2018-09-01', 10, 'No'),
(484, 73, 78, 173, '2018-09-06', 5, 5, 'Agosto', '2018', '2018-09-01', 10, 'No'),
(485, 0, 0, 174, '2018-01-01', 5, 0, 'Enero', '2018', '2018-01-01', 0, ''),
(486, 0, 7, 174, '2018-03-06', 5, 7, 'Febrero', '2018', '2018-09-30', 14, 'Si'),
(487, 7, 7, 174, '2018-04-08', 5, 0, 'Marzo', '2018', '2018-09-30', 10, 'No'),
(488, 7, 7, 174, '2018-05-01', 5, 0, 'Abril', '2018', '2018-09-30', 10, 'No'),
(489, 7, 7, 174, '2018-06-04', 5, 0, 'Mayo', '2018', '2018-09-30', 10, 'No'),
(490, 7, 7, 174, '2018-07-07', 5, 0, 'Junio', '2018', '2018-09-30', 10, 'No'),
(491, 7, 7, 174, '2018-08-06', 5, 0, 'Julio', '2018', '2018-09-30', 10, 'No'),
(492, 7, 7, 174, '2018-09-06', 5, 0, 'Agosto', '2018', '2018-09-30', 10, 'No'),
(493, 0, 0, 175, '2018-06-01', 5, 0, 'Junio', '2018', '2018-06-01', 0, ''),
(494, 0, 0, 176, '2018-01-01', 5, 0, 'Enero', '2018', '2018-01-01', 0, ''),
(495, 0, 7, 176, '2018-03-06', 5, 7, 'Febrero', '2018', '2018-09-01', 14, 'Si'),
(496, 7, 11, 176, '2018-04-08', 5, 4, 'Marzo', '2018', '2018-09-01', 10, 'No'),
(497, 11, 16, 176, '2018-05-01', 5, 5, 'Abril', '2018', '2018-09-01', 10, 'No'),
(498, 16, 24, 176, '2018-06-04', 5, 8, 'Mayo', '2018', '2018-09-01', 16, 'No'),
(499, 24, 35, 176, '2018-07-07', 5, 11, 'Junio', '2018', '2018-09-01', 22, 'No'),
(500, 35, 42, 176, '2018-08-06', 5, 7, 'Julio', '2018', '2018-09-01', 14, 'No'),
(501, 42, 48, 176, '2018-09-06', 5, 6, 'Agosto', '2018', '2018-09-01', 12, 'No'),
(502, 0, 0, 177, '2018-01-01', 5, 0, 'Enero', '2018', '2018-01-01', 0, ''),
(503, 0, 0, 177, '2018-03-06', 5, 0, 'Febrero', '2018', '2018-09-30', 10, 'No'),
(504, 0, 0, 177, '2018-04-08', 5, 0, 'Marzo', '2018', '2018-09-30', 10, 'No'),
(505, 0, 0, 177, '2018-05-01', 5, 0, 'Abril', '2018', '2018-09-30', 10, 'No'),
(506, 0, 0, 177, '2018-06-04', 5, 0, 'Mayo', '2018', '2018-09-30', 10, 'No'),
(507, 0, 0, 177, '2018-07-07', 5, 0, 'Junio', '2018', '2018-09-30', 10, 'No'),
(508, 0, 0, 177, '2018-08-06', 5, 0, 'Julio', '2018', '2018-09-30', 10, 'No'),
(509, 0, 0, 177, '2018-09-06', 5, 0, 'Agosto', '2018', '2018-09-30', 10, 'No'),
(510, 0, 0, 178, '2018-05-01', 5, 0, 'Mayo', '2018', '2018-05-01', 0, ''),
(511, 0, 93, 178, '2018-07-07', 5, 93, 'Junio', '2018', '2018-09-30', 186, 'Si'),
(512, 93, 111, 178, '2018-08-06', 5, 18, 'Julio', '2018', '2018-09-30', 36, 'No'),
(513, 111, 132, 178, '2018-09-06', 5, 21, 'Agosto', '2018', '2018-09-30', 42, 'No'),
(514, 0, 0, 179, '2018-01-01', 5, 0, 'Enero', '2018', '2018-01-01', 0, ''),
(515, 0, 0, 179, '2018-03-06', 5, 0, 'Febrero', '2018', '2018-09-30', 10, 'No'),
(516, 0, 0, 179, '2018-04-08', 5, 0, 'Marzo', '2018', '2018-09-30', 10, 'No'),
(517, 0, 0, 179, '2018-05-01', 5, 0, 'Abril', '2018', '2018-09-30', 10, 'No'),
(518, 0, 0, 179, '2018-06-04', 5, 0, 'Mayo', '2018', '2018-09-30', 10, 'No'),
(519, 0, 0, 179, '2018-07-07', 5, 0, 'Junio', '2018', '2018-09-30', 10, 'No'),
(520, 0, 0, 179, '2018-08-06', 5, 0, 'Julio', '2018', '2018-09-30', 10, 'No'),
(521, 0, 0, 179, '2018-09-06', 5, 0, 'Agosto', '2018', '2018-09-30', 10, 'No'),
(522, 0, 0, 180, '2018-01-01', 5, 0, 'Enero', '2018', '2018-01-01', 0, ''),
(523, 0, 0, 180, '2018-03-06', 5, 0, 'Febrero', '2018', '2018-09-30', 10, 'No'),
(524, 0, 0, 180, '2018-04-08', 5, 0, 'Marzo', '2018', '2018-09-30', 10, 'No'),
(525, 0, 0, 180, '2018-05-01', 5, 0, 'Abril', '2018', '2018-09-30', 10, 'No'),
(526, 0, 0, 180, '2018-06-04', 5, 0, 'Mayo', '2018', '2018-09-30', 10, 'No'),
(527, 0, 0, 180, '2018-07-07', 5, 0, 'Junio', '2018', '2018-09-30', 10, 'No'),
(528, 0, 0, 180, '2018-08-06', 5, 0, 'Julio', '2018', '2018-09-30', 10, 'No'),
(529, 0, 0, 180, '2018-09-06', 5, 0, 'Agosto', '2018', '2018-09-30', 10, 'No'),
(530, 0, 0, 181, '2018-07-01', 5, 0, 'Julio', '2018', '2018-07-01', 0, ''),
(531, 0, 0, 181, '2018-09-06', 5, 0, 'Agosto', '2018', '2018-09-30', 10, 'Si'),
(532, 0, 0, 182, '2018-07-01', 5, 0, 'Julio', '2018', '2018-07-01', 0, ''),
(533, 0, 76, 182, '2018-09-06', 5, 76, 'Agosto', '2018', '2018-09-30', 152, 'No'),
(534, 0, 0, 183, '2018-07-01', 5, 0, 'Julio', '2018', '2018-07-01', 0, ''),
(535, 0, 16, 183, '2018-09-06', 5, 16, 'Agosto', '2018', '2018-09-30', 32, 'No'),
(536, 0, 0, 184, '2018-05-01', 5, 0, 'Mayo', '2018', '2018-05-01', 0, ''),
(537, 0, 0, 184, '2018-07-07', 5, 0, 'Junio', '2018', '2018-09-30', 10, 'Si'),
(538, 0, 0, 184, '2018-08-06', 5, 0, 'Julio', '2018', '2018-09-30', 10, 'Si'),
(539, 0, 0, 184, '2018-09-06', 5, 0, 'Agosto', '2018', '2018-09-30', 10, 'Si'),
(540, 0, 0, 185, '2018-07-01', 5, 0, 'Julio', '2018', '2018-07-01', 0, ''),
(541, 0, 32, 185, '2018-09-06', 5, 32, 'Agosto', '2018', '2018-09-30', 64, 'No'),
(542, 0, 0, 186, '2018-06-01', 5, 0, 'Junio', '2018', '2018-06-01', 0, ''),
(543, 0, 23, 186, '2018-08-06', 5, 23, 'Julio', '2018', '2018-09-30', 46, 'Si'),
(544, 23, 32, 186, '2018-09-06', 5, 9, 'Agosto', '2018', '2018-09-30', 18, 'Si'),
(545, 446, 521, 108, '2018-10-21', 6, 75, 'Septiembre', '2018', '2018-10-21', 150, 'Si'),
(546, 187, 190, 128, '2018-10-21', 6, 3, 'Septiembre', '2018', '2018-10-21', 10, 'Si'),
(547, 973, 983, 90, '2018-10-04', 6, 10, 'Septiembre', '2018', '2018-10-21', 20, 'No'),
(548, 750, 756, 91, '2018-10-04', 6, 6, 'Septiembre', '2018', '2018-10-21', 12, 'No'),
(549, 259, 273, 93, '2018-10-04', 6, 14, 'Septiembre', '2018', '2018-10-21', 28, 'No'),
(550, 436, 459, 95, '2018-10-04', 6, 23, 'Septiembre', '2018', '2018-10-21', 46, 'No'),
(551, 479, 497, 96, '2018-10-04', 6, 18, 'Septiembre', '2018', '2018-10-21', 36, 'Si'),
(552, 258, 261, 97, '2018-10-04', 6, 3, 'Septiembre', '2018', '2018-10-21', 10, 'No'),
(553, 227, 229, 99, '2018-10-04', 6, 2, 'Septiembre', '2018', '2018-10-21', 10, 'Si'),
(554, 648, 692, 100, '2018-10-04', 6, 44, 'Septiembre', '2018', '2018-10-21', 88, 'No'),
(555, 464, 474, 101, '2018-10-04', 6, 10, 'Septiembre', '2018', '2018-10-21', 20, 'No'),
(556, 5431, 5449, 102, '2018-10-04', 6, 18, 'Septiembre', '2018', '2018-10-21', 36, 'No'),
(557, 261, 267, 103, '2018-10-04', 6, 6, 'Septiembre', '2018', '2018-10-21', 12, 'Si'),
(558, 547, 564, 104, '2018-10-04', 6, 17, 'Septiembre', '2018', '2018-10-21', 34, 'No'),
(559, 265, 273, 105, '2018-10-04', 6, 8, 'Septiembre', '2018', '2018-10-21', 16, 'No'),
(560, 199, 202, 106, '2018-10-04', 6, 3, 'Septiembre', '2018', '2018-10-21', 10, 'No'),
(561, 637, 680, 107, '2018-10-04', 6, 43, 'Septiembre', '2018', '2018-10-21', 86, 'No'),
(562, 97, 103, 109, '2018-10-04', 6, 6, 'Septiembre', '2018', '2018-10-21', 12, 'No'),
(563, 270, 270, 113, '2018-10-04', 6, 0, 'Septiembre', '2018', '2018-10-21', 10, 'No'),
(564, 505, 519, 114, '2018-10-04', 6, 14, 'Septiembre', '2018', '2018-10-21', 28, 'No'),
(565, 2952, 2959, 115, '2018-10-04', 6, 7, 'Septiembre', '2018', '2018-10-21', 14, 'Si'),
(566, 833, 843, 117, '2018-10-04', 6, 10, 'Septiembre', '2018', '2018-10-21', 20, 'No'),
(567, 80, 102, 119, '2018-10-04', 6, 22, 'Septiembre', '2018', '2018-10-21', 44, 'No'),
(568, 2330, 2349, 122, '2018-10-04', 6, 19, 'Septiembre', '2018', '2018-10-21', 38, 'No'),
(569, 92, 96, 123, '2018-10-04', 6, 4, 'Septiembre', '2018', '2018-10-21', 10, 'Si'),
(570, 1769, 1792, 124, '2018-10-04', 6, 23, 'Septiembre', '2018', '2018-10-21', 46, 'No'),
(571, 471, 488, 126, '2018-10-04', 6, 17, 'Septiembre', '2018', '2018-10-21', 34, 'No'),
(572, 1774, 1778, 127, '2018-10-04', 6, 4, 'Septiembre', '2018', '2018-10-21', 10, 'Si'),
(573, 350, 362, 129, '2018-10-04', 6, 12, 'Septiembre', '2018', '2018-10-21', 24, 'No'),
(574, 1067, 1098, 130, '2018-10-04', 6, 31, 'Septiembre', '2018', '2018-10-21', 62, 'No'),
(575, 2297, 2324, 132, '2018-10-04', 6, 27, 'Septiembre', '2018', '2018-10-21', 54, 'No'),
(576, 1476, 1481, 133, '2018-10-04', 6, 5, 'Septiembre', '2018', '2018-10-21', 10, 'No'),
(577, 1512, 1522, 135, '2018-10-04', 6, 10, 'Septiembre', '2018', '2018-10-21', 20, 'No'),
(578, 16, 21, 183, '2018-10-04', 6, 5, 'Septiembre', '2018', '2018-10-21', 10, 'No'),
(579, 73, 80, 136, '2018-10-04', 6, 7, 'Septiembre', '2018', '2018-10-21', 14, 'No'),
(580, 64, 64, 138, '2018-10-04', 6, 0, 'Septiembre', '2018', '2018-10-21', 10, 'No'),
(581, 1185, 1193, 139, '2018-10-04', 6, 8, 'Septiembre', '2018', '2018-10-21', 16, 'No'),
(582, 205, 214, 140, '2018-10-04', 6, 9, 'Septiembre', '2018', '2018-10-21', 18, 'No'),
(583, 2402, 2407, 141, '2018-10-04', 6, 5, 'Septiembre', '2018', '2018-10-21', 10, 'No'),
(584, 831, 860, 143, '2018-10-04', 6, 29, 'Septiembre', '2018', '2018-10-21', 58, 'No'),
(585, 391, 408, 144, '2018-10-04', 6, 17, 'Septiembre', '2018', '2018-10-21', 34, 'No'),
(586, 371, 380, 145, '2018-10-04', 6, 9, 'Septiembre', '2018', '2018-10-21', 18, 'No'),
(587, 637, 654, 148, '2018-10-04', 6, 17, 'Septiembre', '2018', '2018-10-21', 34, 'No'),
(588, 682, 685, 149, '2018-10-04', 6, 3, 'Septiembre', '2018', '2018-10-21', 10, 'Si'),
(589, 299, 311, 150, '2018-10-04', 6, 12, 'Septiembre', '2018', '2018-10-21', 24, 'No'),
(590, 420, 437, 151, '2018-10-04', 6, 17, 'Septiembre', '2018', '2018-10-21', 34, 'No'),
(591, 129, 138, 152, '2018-10-04', 6, 9, 'Septiembre', '2018', '2018-10-21', 18, 'No'),
(592, 651, 660, 154, '2018-10-04', 6, 9, 'Septiembre', '2018', '2018-10-21', 18, 'No'),
(593, 852, 855, 155, '2018-10-04', 6, 3, 'Septiembre', '2018', '2018-10-21', 10, 'No'),
(594, 280, 302, 156, '2018-10-04', 6, 22, 'Septiembre', '2018', '2018-10-21', 44, 'No'),
(595, 458, 475, 157, '2018-10-04', 6, 17, 'Septiembre', '2018', '2018-10-21', 34, 'No'),
(596, 268, 286, 158, '2018-10-04', 6, 18, 'Septiembre', '2018', '2018-10-21', 36, 'No'),
(597, 267, 289, 159, '2018-10-04', 6, 22, 'Septiembre', '2018', '2018-10-21', 44, 'No'),
(598, 181, 192, 160, '2018-10-04', 6, 11, 'Septiembre', '2018', '2018-10-21', 22, 'No'),
(599, 231, 252, 161, '2018-10-04', 6, 21, 'Septiembre', '2018', '2018-10-21', 42, 'No'),
(600, 97, 101, 162, '2018-10-04', 6, 4, 'Septiembre', '2018', '2018-10-21', 10, 'No'),
(601, 287, 305, 163, '2018-10-04', 6, 18, 'Septiembre', '2018', '2018-10-21', 36, 'No'),
(602, 81, 83, 164, '2018-10-04', 6, 2, 'Septiembre', '2018', '2018-10-21', 10, 'No'),
(603, 31, 64, 166, '2018-10-04', 6, 33, 'Septiembre', '2018', '2018-10-21', 66, 'No'),
(604, 105, 111, 167, '2018-10-04', 6, 6, 'Septiembre', '2018', '2018-10-21', 12, 'No'),
(605, 121, 131, 168, '2018-10-04', 6, 10, 'Septiembre', '2018', '2018-10-21', 20, 'No'),
(606, 1824, 1995, 169, '2018-10-04', 6, 171, 'Septiembre', '2018', '2018-10-21', 342, 'No'),
(607, 118, 137, 172, '2018-10-04', 6, 19, 'Septiembre', '2018', '2018-10-21', 38, 'No'),
(608, 7, 7, 174, '2018-10-21', 6, 0, 'Septiembre', '2018', '2018-10-21', 10, 'No'),
(609, 48, 59, 176, '2018-10-04', 6, 11, 'Septiembre', '2018', '2018-10-21', 22, 'No'),
(610, 132, 152, 178, '2018-10-04', 6, 20, 'Septiembre', '2018', '2018-10-21', 40, 'No'),
(611, 76, 89, 182, '2018-10-04', 6, 13, 'Septiembre', '2018', '2018-10-21', 26, 'No'),
(612, 983, 995, 90, '2018-11-10', 6, 12, 'Octubre', '2018', '2018-11-10', 24, 'No'),
(613, 756, 762, 91, '2018-11-10', 6, 6, 'Octubre', '2018', '2018-11-10', 12, 'No'),
(614, 273, 281, 93, '2018-11-10', 6, 8, 'Octubre', '2018', '2018-11-10', 16, 'No'),
(615, 459, 499, 95, '2018-11-10', 6, 40, 'Octubre', '2018', '2018-11-10', 80, 'No'),
(616, 497, 510, 96, '2018-11-10', 6, 13, 'Octubre', '2018', '2018-11-10', 26, 'No'),
(617, 261, 265, 97, '2018-11-10', 6, 4, 'Octubre', '2018', '2018-11-10', 10, 'No'),
(618, 229, 231, 99, '2018-11-10', 6, 2, 'Octubre', '2018', '2018-11-10', 10, 'No'),
(619, 692, 717, 100, '2018-11-10', 6, 25, 'Octubre', '2018', '2018-11-10', 50, 'No'),
(620, 474, 474, 101, '2018-11-10', 6, 0, 'Octubre', '2018', '2018-11-10', 10, 'No'),
(621, 5449, 5475, 102, '2018-11-10', 6, 26, 'Octubre', '2018', '2018-11-10', 52, 'No'),
(622, 267, 277, 103, '2018-11-10', 6, 10, 'Octubre', '2018', '2018-11-10', 20, 'No'),
(623, 564, 586, 104, '2018-11-10', 6, 22, 'Octubre', '2018', '2018-11-10', 44, 'No'),
(624, 273, 281, 105, '2018-11-10', 6, 8, 'Octubre', '2018', '2018-11-10', 16, 'No'),
(625, 202, 208, 106, '2018-11-10', 6, 6, 'Octubre', '2018', '2018-11-10', 12, 'No'),
(626, 680, 725, 107, '2018-11-10', 6, 45, 'Octubre', '2018', '2018-11-10', 90, 'No'),
(627, 521, 582, 108, '2018-11-10', 6, 61, 'Octubre', '2018', '2018-11-10', 122, 'No'),
(628, 103, 105, 109, '2018-11-10', 6, 2, 'Octubre', '2018', '2018-11-10', 10, 'No'),
(629, 270, 270, 113, '2018-11-10', 6, 0, 'Octubre', '2018', '2018-11-10', 10, 'No'),
(630, 519, 537, 114, '2018-11-10', 6, 18, 'Octubre', '2018', '2018-11-10', 36, 'No'),
(631, 2959, 2980, 115, '2018-11-10', 6, 21, 'Octubre', '2018', '2018-11-10', 42, 'No'),
(632, 843, 854, 117, '2018-11-10', 6, 11, 'Octubre', '2018', '2018-11-10', 22, 'No'),
(633, 0, 0, 118, '2018-11-10', 6, 0, 'Septiembre', '2018', '2018-11-10', 10, 'No'),
(634, 102, 131, 119, '2018-11-10', 6, 29, 'Octubre', '2018', '2018-11-10', 58, 'No'),
(635, 2349, 2367, 122, '2018-11-10', 6, 18, 'Octubre', '2018', '2018-11-10', 36, 'No'),
(636, 96, 116, 123, '2018-11-10', 6, 20, 'Octubre', '2018', '2018-11-10', 40, 'No'),
(637, 1792, 1806, 124, '2018-11-10', 6, 14, 'Octubre', '2018', '2018-11-10', 28, 'No'),
(638, 32, 32, 125, '2018-11-10', 6, 0, 'Septiembre', '2018', '2018-11-10', 10, 'No'),
(639, 488, 507, 126, '2018-11-10', 6, 19, 'Octubre', '2018', '2018-11-10', 38, 'No'),
(640, 1778, 1782, 127, '2018-11-10', 6, 4, 'Octubre', '2018', '2018-11-10', 10, 'No'),
(641, 190, 197, 128, '2018-11-10', 6, 7, 'Octubre', '2018', '2018-11-10', 14, 'No'),
(642, 362, 371, 129, '2018-11-10', 6, 9, 'Octubre', '2018', '2018-11-10', 18, 'No'),
(643, 1098, 1126, 130, '2018-11-10', 6, 28, 'Octubre', '2018', '2018-11-10', 56, 'No'),
(644, 0, 0, 131, '2018-11-10', 6, 0, 'Septiembre', '2018', '2018-11-10', 10, 'No'),
(645, 0, 0, 131, '2018-11-10', 6, 0, 'Octubre', '2018', '2018-11-10', 10, 'No'),
(646, 2324, 2357, 132, '2018-11-10', 6, 33, 'Octubre', '2018', '2018-11-10', 66, 'No'),
(647, 1481, 1486, 133, '2018-11-10', 6, 5, 'Octubre', '2018', '2018-11-10', 10, 'No'),
(648, 1522, 1532, 135, '2018-11-10', 6, 10, 'Octubre', '2018', '2018-11-10', 20, 'No'),
(649, 80, 89, 136, '2018-11-10', 6, 9, 'Octubre', '2018', '2018-11-10', 18, 'No'),
(650, 69, 69, 137, '2018-11-10', 6, 0, 'Septiembre', '2018', '2018-11-10', 10, 'No'),
(651, 69, 69, 137, '2018-11-10', 6, 0, 'Octubre', '2018', '2018-11-10', 10, 'No'),
(652, 64, 76, 138, '2018-11-10', 6, 12, 'Octubre', '2018', '2018-11-10', 24, 'No'),
(653, 1193, 1194, 139, '2018-11-10', 6, 1, 'Octubre', '2018', '2018-11-10', 10, 'No'),
(654, 214, 223, 140, '2018-11-10', 6, 9, 'Octubre', '2018', '2018-11-10', 18, 'No'),
(655, 2407, 2414, 141, '2018-11-10', 6, 7, 'Octubre', '2018', '2018-11-10', 14, 'No'),
(656, 2160, 2160, 142, '2018-11-10', 6, 0, 'Septiembre', '2018', '2018-11-10', 10, 'No'),
(657, 860, 885, 143, '2018-11-10', 6, 25, 'Octubre', '2018', '2018-11-10', 50, 'No'),
(658, 408, 424, 144, '2018-11-10', 6, 16, 'Octubre', '2018', '2018-11-10', 32, 'No'),
(659, 380, 393, 145, '2018-11-10', 6, 13, 'Octubre', '2018', '2018-11-10', 26, 'No'),
(660, 654, 670, 148, '2018-11-10', 6, 16, 'Octubre', '2018', '2018-11-10', 32, 'No'),
(661, 685, 687, 149, '2018-11-10', 6, 2, 'Octubre', '2018', '2018-11-10', 10, 'No'),
(662, 311, 328, 150, '2018-11-10', 6, 17, 'Octubre', '2018', '2018-11-10', 34, 'No'),
(663, 437, 454, 151, '2018-11-10', 6, 17, 'Octubre', '2018', '2018-11-10', 34, 'No'),
(664, 138, 154, 152, '2018-11-10', 6, 16, 'Octubre', '2018', '2018-11-10', 32, 'No'),
(665, 660, 668, 154, '2018-11-10', 6, 8, 'Octubre', '2018', '2018-11-10', 16, 'No'),
(666, 855, 858, 155, '2018-11-10', 6, 3, 'Octubre', '2018', '2018-11-10', 10, 'No'),
(667, 302, 318, 156, '2018-11-10', 6, 16, 'Octubre', '2018', '2018-11-10', 32, 'No'),
(668, 475, 490, 157, '2018-11-10', 6, 15, 'Octubre', '2018', '2018-11-10', 30, 'No'),
(669, 286, 305, 158, '2018-11-10', 6, 19, 'Octubre', '2018', '2018-11-10', 38, 'No'),
(670, 289, 306, 159, '2018-11-10', 6, 17, 'Octubre', '2018', '2018-11-10', 34, 'No'),
(671, 192, 206, 160, '2018-11-10', 6, 14, 'Octubre', '2018', '2018-11-10', 28, 'No'),
(672, 252, 297, 161, '2018-11-10', 6, 45, 'Octubre', '2018', '2018-11-10', 90, 'No'),
(673, 101, 112, 162, '2018-11-10', 6, 11, 'Octubre', '2018', '2018-11-10', 22, 'No'),
(674, 305, 359, 163, '2018-11-10', 6, 54, 'Octubre', '2018', '2018-11-10', 108, 'No'),
(675, 83, 97, 164, '2018-11-10', 6, 14, 'Octubre', '2018', '2018-11-10', 28, 'No'),
(676, 110, 16, 120, '2018-11-10', 6, 10, 'Septiembre', '2018', '2018-11-10', 20, 'No'),
(677, 16, 26, 120, '2018-11-10', 6, 10, 'Octubre', '2018', '2018-11-10', 20, 'No'),
(678, 90, 522, 121, '2018-11-10', 6, 10, 'Septiembre', '2018', '2018-11-10', 20, 'No'),
(679, 522, 532, 121, '2018-11-11', 6, 10, 'Octubre', '2018', '2018-11-11', 20, 'No');

-- --------------------------------------------------------

--
-- Estructura de tabla para la tabla `medidor`
--

CREATE TABLE `medidor` (
  `idMedidor` int(11) NOT NULL,
  `codigo` varchar(45) NOT NULL,
  `idSocio` int(11) NOT NULL
) ENGINE=InnoDB DEFAULT CHARSET=latin1 ROW_FORMAT=COMPACT;

--
-- Volcado de datos para la tabla `medidor`
--

INSERT INTO `medidor` (`idMedidor`, `codigo`, `idSocio`) VALUES
(87, '01IA', 88),
(88, '01IA', 89),
(89, '01IA', 90),
(90, '01IAH', 91),
(91, '02VAE', 92),
(92, '03MAC', 93),
(93, '03EMAC', 94),
(94, '04FA', 95),
(95, '04FA', 96),
(96, '05AF', 97),
(97, '06JAV', 98),
(98, '07MB', 99),
(99, '07MB', 100),
(100, '09PF', 101),
(101, '10JCS', 102),
(102, '13FDP', 103),
(103, '15CF', 104),
(104, '17FFV', 105),
(105, '18PFL', 106),
(106, '19EGM', 107),
(107, '002MHS', 108),
(108, '25MSD', 109),
(109, '26SLA', 110),
(110, '27FSL', 111),
(111, '27FSL', 112),
(112, '28VALW', 113),
(113, '29MBG', 114),
(114, '30EMCC', 115),
(115, '31EM', 116),
(116, '32EM', 117),
(117, '33CMO', 118),
(118, '34ACM', 119),
(119, '35RMV', 120),
(120, '36EMA', 121),
(121, '37AMP', 122),
(122, '38NF', 123),
(123, '39MNNR', 124),
(124, '40MPM', 125),
(125, '41BPM', 126),
(126, '42GPM', 127),
(127, '43SPA', 128),
(128, '44BPM', 129),
(129, '45EP', 130),
(130, '46JP', 131),
(131, '47JQ', 132),
(132, '48TQ', 133),
(133, '49DQ', 134),
(134, '50MRA', 135),
(135, '51RRA', 136),
(136, '52RR', 137),
(137, '53MGS', 138),
(138, '54LS', 139),
(139, '55RS', 140),
(140, '56MEV', 141),
(141, '57ET', 142),
(142, '58MT', 143),
(143, '59ET', 144),
(144, '60AT', 145),
(145, '61MMT', 146),
(146, '62LTG', 147),
(147, '63FTR', 148),
(148, '64RV', 149),
(149, '65GV', 150),
(150, '66MV', 151),
(151, '67MVF', 152),
(152, '68EA', 153),
(153, '69MM', 154),
(154, '70VZB', 155),
(155, '71AZB', 156),
(156, '72OT', 157),
(157, '73AL', 158),
(158, '74DM', 159),
(159, 'JLC75', 160),
(160, '76AP', 161),
(161, '77HC', 162),
(162, '78MAO', 163),
(163, '79SL', 164),
(164, '80TUR', 165),
(165, '81AVG', 166),
(166, '82JJTM', 167),
(167, '83RRP', 168),
(168, '84DLU', 169),
(169, '85UE', 170),
(170, '86SLO', 171),
(171, '87WGF', 172),
(172, '88JGCC', 173),
(173, '89EPA', 174),
(174, '90JRN', 175),
(175, '91ZRA', 176),
(176, '92JMMR', 177),
(177, '93AMB', 178),
(178, '94FMMB', 179),
(179, '95GHC', 180),
(180, '96WWLR', 181),
(181, '97JLH', 182),
(182, '98SV', 183),
(183, '99JPM', 184),
(184, '100FMCM', 185),
(185, '101WGF', 186),
(186, '102AQCH', 187);

-- --------------------------------------------------------

--
-- Estructura de tabla para la tabla `migrations`
--

CREATE TABLE `migrations` (
  `migration` varchar(255) COLLATE utf8_unicode_ci NOT NULL,
  `batch` int(11) NOT NULL
) ENGINE=InnoDB DEFAULT CHARSET=utf8 COLLATE=utf8_unicode_ci ROW_FORMAT=COMPACT;

--
-- Volcado de datos para la tabla `migrations`
--

INSERT INTO `migrations` (`migration`, `batch`) VALUES
('2014_10_12_000000_create_users_table', 1),
('2014_10_12_100000_create_password_resets_table', 1);

-- --------------------------------------------------------

--
-- Estructura de tabla para la tabla `multa`
--

CREATE TABLE `multa` (
  `idMulta` int(11) NOT NULL,
  `concepto` varchar(250) NOT NULL,
  `monto` int(11) NOT NULL,
  `idSocio` int(11) NOT NULL,
  `idUsuario` int(11) NOT NULL,
  `estado` varchar(40) NOT NULL,
  `fechaMulta` date NOT NULL,
  `idTipoMulta` int(11) NOT NULL,
  `fechaRegistro` date NOT NULL,
  `pagado` varchar(15) NOT NULL
) ENGINE=InnoDB DEFAULT CHARSET=latin1 ROW_FORMAT=COMPACT;

--
-- Volcado de datos para la tabla `multa`
--

INSERT INTO `multa` (`idMulta`, `concepto`, `monto`, `idSocio`, `idUsuario`, `estado`, `fechaMulta`, `idTipoMulta`, `fechaRegistro`, `pagado`) VALUES
(56, 'Falta a reunion de fecha 15/04/2018', 50, 115, 5, 'Habilitado', '2018-04-15', 5, '2018-09-18', 'No'),
(57, 'Falta a reunion de fecha 26/08/2018', 50, 115, 1, 'Habilitado', '2018-08-26', 5, '2018-09-18', 'No'),
(58, 'Falta a reunion', 50, 104, 1, 'Habilitado', '2018-04-15', 5, '2018-10-04', 'No');

-- --------------------------------------------------------

--
-- Estructura de tabla para la tabla `pagoaccion`
--

CREATE TABLE `pagoaccion` (
  `idPagoAccion` int(11) NOT NULL,
  `numeroPago` varchar(150) NOT NULL,
  `monto` int(11) NOT NULL,
  `fechaPago` date NOT NULL,
  `idCobroAccion` int(11) NOT NULL,
  `proximoPago` date NOT NULL,
  `idUsuario` int(11) NOT NULL
) ENGINE=InnoDB DEFAULT CHARSET=latin1 ROW_FORMAT=COMPACT;

--
-- Volcado de datos para la tabla `pagoaccion`
--

INSERT INTO `pagoaccion` (`idPagoAccion`, `numeroPago`, `monto`, `fechaPago`, `idCobroAccion`, `proximoPago`, `idUsuario`) VALUES
(60, 'Pago Contado', 3480, '2018-09-18', 54, '0000-00-00', 5),
(61, 'Pago Contado', 3480, '2018-07-01', 55, '0000-00-00', 5),
(62, 'Pago Contado', 3480, '2018-06-01', 56, '0000-00-00', 5),
(63, 'Pago Contado', 3480, '2018-06-01', 57, '0000-00-00', 5),
(64, 'Pago Contado', 3480, '2018-06-01', 58, '0000-00-00', 5),
(65, 'Pago Contado', 3480, '2018-06-01', 59, '0000-00-00', 5),
(66, 'Pago Contado', 3480, '2018-05-01', 60, '0000-00-00', 5),
(67, 'Pago Contado', 3480, '2018-08-01', 61, '0000-00-00', 5),
(68, 'Pago Contado', 3480, '2018-05-01', 62, '0000-00-00', 5),
(69, 'Pago Contado', 3480, '2018-06-01', 63, '0000-00-00', 5),
(70, 'Pago Contado', 3480, '2018-06-01', 64, '0000-00-00', 5),
(71, 'Pago Contado', 3480, '2017-12-01', 65, '0000-00-00', 5),
(72, 'Pago Contado', 3480, '2018-01-01', 66, '0000-00-00', 5),
(73, 'Pago Contado', 3480, '2018-04-01', 67, '0000-00-00', 5),
(74, 'Pago Contado', 3480, '2018-06-01', 68, '0000-00-00', 5),
(75, 'Pago Contado', 3480, '2018-06-01', 69, '0000-00-00', 5),
(76, 'Pago Contado', 3480, '2018-06-01', 70, '0000-00-00', 5),
(77, 'Pago Contado', 3480, '2018-01-01', 71, '0000-00-00', 5),
(78, 'Pago Contado', 3480, '2018-03-01', 72, '0000-00-00', 5),
(79, 'Pago Contado', 3480, '2018-06-01', 73, '0000-00-00', 5),
(80, 'Pago Contado', 3480, '2018-01-01', 74, '0000-00-00', 5),
(81, 'Pago Contado', 3480, '2018-07-01', 75, '0000-00-00', 5),
(82, 'Pago Contado', 3480, '2018-01-01', 76, '0000-00-00', 5),
(83, 'Pago Contado', 3480, '2017-12-01', 77, '0000-00-00', 5),
(84, 'Pago Contado', 3480, '2018-01-01', 78, '0000-00-00', 5),
(85, 'Pago Contado', 3480, '2018-01-01', 79, '0000-00-00', 5),
(86, 'Pago Contado', 3480, '2018-01-31', 80, '0000-00-00', 5),
(87, 'Pago Contado', 3480, '2018-06-01', 81, '0000-00-00', 5),
(88, 'Pago Contado', 3480, '2018-06-01', 82, '0000-00-00', 5),
(89, 'Pago Contado', 3480, '2018-01-01', 83, '0000-00-00', 5),
(90, 'Pago Contado', 3480, '2018-06-01', 84, '0000-00-00', 5),
(91, 'Pago Contado', 3480, '2018-06-01', 85, '0000-00-00', 5),
(92, 'Pago Contado', 3480, '2018-04-01', 86, '0000-00-00', 5),
(93, 'Pago Contado', 3480, '2018-01-01', 87, '0000-00-00', 5),
(94, 'Pago Contado', 3480, '2018-01-01', 88, '0000-00-00', 5),
(95, 'Pago Contado', 3480, '2018-04-01', 89, '0000-00-00', 5),
(96, 'Pago Contado', 3480, '2018-05-01', 90, '0000-00-00', 5),
(97, 'Pago Contado', 3480, '2018-03-01', 91, '0000-00-00', 5),
(98, 'Pago Contado', 3480, '2018-01-01', 92, '0000-00-00', 5),
(99, 'Pago Contado', 3480, '2018-06-01', 93, '0000-00-00', 5),
(100, 'Pago Contado', 3480, '2018-04-01', 94, '0000-00-00', 5),
(101, 'Pago Contado', 3480, '2018-05-01', 95, '0000-00-00', 5),
(102, 'Pago Contado', 3480, '2018-05-01', 96, '0000-00-00', 5),
(103, 'Pago Contado', 3480, '2018-06-01', 97, '0000-00-00', 5),
(104, 'Pago Contado', 3480, '2018-06-01', 98, '0000-00-00', 5),
(105, 'Pago Contado', 3480, '2018-06-01', 99, '0000-00-00', 5),
(106, 'Pago Contado', 3480, '2018-06-01', 100, '0000-00-00', 5),
(107, 'Pago Contado', 3480, '2018-01-01', 101, '0000-00-00', 5),
(108, 'Pago Contado', 3480, '2018-01-01', 102, '0000-00-00', 5),
(109, 'Pago Contado', 3480, '2018-01-01', 103, '0000-00-00', 5),
(110, 'Pago Contado', 3480, '2018-06-01', 104, '0000-00-00', 5),
(111, 'Pago Contado', 3480, '2018-01-01', 105, '0000-00-00', 5),
(112, 'Pago Contado', 3480, '2018-03-01', 106, '0000-00-00', 5),
(113, 'Pago Contado', 3480, '2018-01-01', 107, '0000-00-00', 5),
(114, 'Pago Contado', 3480, '2018-05-01', 108, '0000-00-00', 5),
(115, 'Pago Contado', 3480, '2018-01-01', 109, '0000-00-00', 5),
(116, 'Pago Contado', 3480, '2018-05-01', 110, '0000-00-00', 5),
(117, 'Pago Contado', 3480, '2018-05-01', 111, '0000-00-00', 5),
(118, 'Pago Contado', 3480, '2018-01-01', 112, '0000-00-00', 5),
(119, 'Pago Contado', 3480, '2018-01-01', 113, '0000-00-00', 5),
(120, 'Pago Contado', 3480, '2018-01-01', 114, '0000-00-00', 5),
(121, 'Pago Contado', 3480, '2018-01-01', 115, '0000-00-00', 5),
(122, 'Pago Contado', 3480, '2018-04-01', 116, '0000-00-00', 5),
(123, 'Pago Contado', 3480, '2018-05-01', 117, '0000-00-00', 5),
(124, 'Pago Contado', 3480, '2018-05-01', 118, '0000-00-00', 5),
(125, 'Pago Contado', 3480, '2018-01-01', 119, '0000-00-00', 5),
(126, 'Pago Contado', 3480, '2018-01-01', 120, '0000-00-00', 5),
(127, 'Pago Contado', 3480, '2018-06-01', 121, '0000-00-00', 5),
(128, 'Pago Contado', 3480, '2018-05-01', 122, '0000-00-00', 5),
(129, 'Pago Contado', 3480, '2018-06-01', 123, '0000-00-00', 5),
(130, 'Pago Contado', 3480, '2018-01-01', 124, '0000-00-00', 5),
(131, 'Pago Contado', 3480, '2018-01-01', 125, '0000-00-00', 5),
(132, 'Pago Contado', 3480, '2018-06-01', 126, '0000-00-00', 5),
(133, 'Pago Contado', 3480, '2018-01-01', 127, '0000-00-00', 5),
(134, 'Pago Contado', 3480, '2018-01-01', 128, '0000-00-00', 5),
(135, 'Pago Contado', 3480, '2018-01-01', 129, '0000-00-00', 5),
(136, 'Pago Contado', 3480, '2018-01-01', 130, '0000-00-00', 5),
(137, 'Pago Contado', 3480, '2018-05-01', 131, '0000-00-00', 5),
(138, 'Pago Contado', 3480, '2018-01-01', 132, '0000-00-00', 5),
(139, 'Pago Contado', 3480, '2018-01-01', 133, '0000-00-00', 5),
(140, 'Pago Contado', 3480, '2018-06-01', 134, '0000-00-00', 5),
(141, 'Pago Contado', 3480, '2018-01-01', 135, '0000-00-00', 5),
(142, 'Pago Contado', 3480, '2018-01-01', 136, '0000-00-00', 5),
(143, 'Pago Contado', 3480, '2018-07-01', 137, '0000-00-00', 5),
(144, 'Pago Contado', 3480, '2018-05-01', 138, '0000-00-00', 5),
(145, 'Pago Contado', 3480, '2018-06-01', 139, '0000-00-00', 5),
(146, 'Pago Contado', 3480, '2018-01-01', 140, '0000-00-00', 5),
(147, 'Pago Contado', 3480, '2018-01-01', 141, '0000-00-00', 5),
(148, 'Pago Contado', 3480, '2018-06-01', 142, '0000-00-00', 5),
(149, 'Pago Contado', 3480, '2018-01-01', 143, '0000-00-00', 5),
(150, 'Pago Contado', 3480, '2018-01-01', 144, '0000-00-00', 5),
(151, 'Pago Contado', 3480, '2018-05-01', 145, '0000-00-00', 5),
(152, 'Pago Contado', 3480, '2018-01-01', 146, '0000-00-00', 5),
(153, 'Pago Contado', 3480, '2018-01-01', 147, '0000-00-00', 5),
(154, 'Pago Contado', 3480, '2018-07-01', 148, '0000-00-00', 5),
(155, 'Pago Contado', 3480, '2018-07-01', 149, '0000-00-00', 5),
(156, 'Pago Contado', 3480, '2018-07-01', 150, '0000-00-00', 5),
(157, 'Pago Contado', 3480, '2018-05-01', 151, '0000-00-00', 5),
(158, 'Pago Contado', 3480, '2018-07-01', 152, '0000-00-00', 5),
(159, 'Pago Contado', 3480, '2018-06-01', 153, '0000-00-00', 5);

-- --------------------------------------------------------

--
-- Estructura de tabla para la tabla `pagoconsumoagua`
--

CREATE TABLE `pagoconsumoagua` (
  `idPagoConsumoAgua` int(11) NOT NULL,
  `fechaRegistro` int(11) NOT NULL,
  `idConsumoAgua` int(11) NOT NULL,
  `monto` int(11) NOT NULL,
  `idUsuario` int(11) NOT NULL
) ENGINE=InnoDB DEFAULT CHARSET=latin1 ROW_FORMAT=COMPACT;

-- --------------------------------------------------------

--
-- Estructura de tabla para la tabla `pagomulta`
--

CREATE TABLE `pagomulta` (
  `idPagoMulta` int(11) NOT NULL,
  `idMulta` int(11) NOT NULL,
  `monto` int(11) NOT NULL,
  `fechaPago` date NOT NULL,
  `idUsuario` int(11) NOT NULL
) ENGINE=InnoDB DEFAULT CHARSET=latin1 ROW_FORMAT=COMPACT;

-- --------------------------------------------------------

--
-- Estructura de tabla para la tabla `password_resets`
--

CREATE TABLE `password_resets` (
  `email` varchar(255) COLLATE utf8_unicode_ci NOT NULL,
  `token` varchar(255) COLLATE utf8_unicode_ci NOT NULL,
  `created_at` timestamp NOT NULL DEFAULT CURRENT_TIMESTAMP ON UPDATE CURRENT_TIMESTAMP
) ENGINE=InnoDB DEFAULT CHARSET=utf8 COLLATE=utf8_unicode_ci ROW_FORMAT=COMPACT;

--
-- Volcado de datos para la tabla `password_resets`
--

INSERT INTO `password_resets` (`email`, `token`, `created_at`) VALUES
('cmeridag@gmail.com', '518902f8f390766cb0d72e4cd8d8393e3cb9ed245acf62c4b6b22a18a2fc9ffb', '2018-06-16 23:41:41'),
('cmeridag6@gmail.com', 'bc980e7fc1a6063e2d70de600adc9b19b5090a511e3aa9deeaab5cba46f07ef6', '2018-07-19 23:49:49');

-- --------------------------------------------------------

--
-- Estructura de tabla para la tabla `rol`
--

CREATE TABLE `rol` (
  `idRol` int(11) NOT NULL,
  `nombre` varchar(45) NOT NULL,
  `estado` varchar(40) NOT NULL
) ENGINE=InnoDB DEFAULT CHARSET=latin1 ROW_FORMAT=COMPACT;

--
-- Volcado de datos para la tabla `rol`
--

INSERT INTO `rol` (`idRol`, `nombre`, `estado`) VALUES
(1, 'administrador', 'Habilitado'),
(2, 'lecturador', 'Habilitado'),
(4, 'Hacienda', 'Habilitado');

-- --------------------------------------------------------

--
-- Estructura de tabla para la tabla `socio`
--

CREATE TABLE `socio` (
  `idSocio` int(11) NOT NULL,
  `nombre` varchar(45) NOT NULL,
  `apellidoP` varchar(45) NOT NULL,
  `apellidoM` varchar(45) NOT NULL,
  `carnetIdentidad` varchar(45) NOT NULL,
  `foto` varchar(255) NOT NULL,
  `direccion` varchar(45) NOT NULL,
  `idUsuario` int(11) NOT NULL,
  `estado` varchar(40) NOT NULL
) ENGINE=InnoDB DEFAULT CHARSET=latin1 ROW_FORMAT=COMPACT;

--
-- Volcado de datos para la tabla `socio`
--

INSERT INTO `socio` (`idSocio`, `nombre`, `apellidoP`, `apellidoM`, `carnetIdentidad`, `foto`, `direccion`, `idUsuario`, `estado`) VALUES
(91, 'Isidro', 'Acero', 'Hinojoza', '123456', 'photo.jpg', 'Calle innominada', 5, 'Habilitado'),
(92, 'Victoria', 'Acero', 'Estrada', '123456', 'photo.jpg', 'Calle innominada', 5, 'Habilitado'),
(94, 'Elgin Mario', 'Aguilar', 'Cespedez', '123456', 'photo.jpg', 'Calle innominada', 5, 'Habilitado'),
(96, 'Florentino ', 'Apaza', 'No tiene', '123456', 'photo.jpg', 'Calle innominada', 5, 'Habilitado'),
(97, 'Asencia', 'Febrero', 'No tiene', '123456', 'photo.jpg', 'Calle innominada', 5, 'Habilitado'),
(98, 'Jaime', 'Ayala ', 'Vera', '123456', 'photo.jpg', 'Calle innominada', 5, 'Habilitado'),
(100, 'Marcelo', 'Bautista', 'No tiene', '123456', 'photo.jpg', 'Calle innominada', 5, 'Habilitado'),
(101, 'Paula ', 'Fernandez', 'No tiene', '123456', 'photo.jpg', 'Calle innominada', 5, 'Habilitado'),
(102, 'Jhonny', 'Capitan', 'Soria', '123456', 'photo.jpg', 'Calle innominada', 5, 'Habilitado'),
(103, 'Fidelia', 'Delgado', 'Parrado', '123456', 'photo.jpg', 'Calle innominada', 5, 'Habilitado'),
(104, 'Cesar', 'Febrero', 'Mita', '123456', 'photo.jpg', 'Calle innominada', 5, 'Habilitado'),
(105, 'Freddy', 'Fernandez', 'Ventura', '123456', 'photo.jpg', 'Calle innominada', 5, 'Habilitado'),
(106, 'Porfiria', 'Flores ', 'Lorenzo', '123456', 'photo.jpg', 'Calle innominada', 5, 'Habilitado'),
(107, 'Edson', 'Gutierrez', 'Mamani', '3784207', 'photo.jpg', 'Calle innominada', 5, 'Habilitado'),
(108, 'Mario', 'Herbas', 'Soria', '123456', 'photo.jpg', 'Calle innominada', 5, 'Habilitado'),
(109, 'Monasterio', 'Santo', 'Domingo', '123456', 'photo.jpg', 'Av. 15 de abril', 5, 'Habilitado'),
(110, 'Sebastiana', 'Laca', 'Alaca', '123456', 'photo.jpg', 'Calle innominada', 5, 'Habilitado'),
(112, 'Felipe', 'Santos', 'Leon', '2759183', 'photo.jpg', 'Pasaje los molle', 5, 'Habilitado'),
(113, 'Victor Agustin', 'Luque', 'Waita', '123456', 'photo.jpg', 'Calle innominada', 5, 'Habilitado'),
(114, 'Marcos ', 'Bejarano', 'Gomez', '123456', 'photo.jpg', 'Calle innominada', 5, 'Habilitado'),
(115, 'Eliana Maribel ', 'Conde ', 'Cusi', '123456', 'photo.jpg', 'Calle innominada', 5, 'Habilitado'),
(116, 'Edmundo ', 'Medrano', 'No tiene', '123456', 'photo.jpg', 'Calle innominada', 5, 'Habilitado'),
(117, 'Esther', 'Melgarejo', 'No tiene', '123456', 'photo.jpg', 'Calle innominada', 5, 'Habilitado'),
(118, 'Carlos', 'Melgarejo ', 'Ovando', '2900088', 'photo.jpg', 'Calle innominada', 5, 'Habilitado'),
(119, 'Adela', 'Carlos', 'De melgarejo', '123456', 'photo.jpg', 'Calle innominada', 5, 'Habilitado'),
(120, 'Rodo', 'Molina', 'Velasquez', '123456', 'photo.jpg', 'Calle innominada', 5, 'Habilitado'),
(121, 'Edelfrida', 'Morales', 'Andia', '123456', 'photo.jpg', 'Calle innominada', 5, 'Habilitado'),
(122, 'Adriana', 'Muñoz', 'Perez', '123456', 'photo.jpg', 'Calle innominada', 5, 'Habilitado'),
(123, 'Francisco', 'Nicolas', 'No tiene', '123456', 'photo.jpg', 'Calle innominada', 5, 'Habilitado'),
(124, 'Maria Nelly', 'Negrete', 'Romero', '123456', 'photo.jpg', 'Pasaje los molles', 5, 'Habilitado'),
(125, 'Mirian', 'Perez', 'Muñoz', '123456', 'photo.jpg', 'Calle innominada', 5, 'Habilitado'),
(126, 'Bertha', 'Perez', 'Muñoz', '123456', 'photo.jpg', 'Calle innominada', 5, 'Habilitado'),
(127, 'German', 'Perez', 'Muñoz', '123456', 'photo.jpg', 'Calle innominada', 5, 'Habilitado'),
(128, 'Sofia', 'Polo', 'Arispe', '123456', 'photo.jpg', 'Calle innominada', 5, 'Habilitado'),
(129, 'Bacilia', 'Poma', 'Morales', '123456', 'photo.jpg', 'Calle innominada', 5, 'Habilitado'),
(130, 'Esteban ', 'Portuguez', 'No tiene', '123456', 'photo.jpg', 'Calle innominada', 5, 'Habilitado'),
(131, 'Jorge', 'Prado', 'No tiene', '123456', 'photo.jpg', 'Calle innominada', 5, 'Habilitado'),
(132, 'Justidiano', 'Quiñones', 'No tiene', '123456', 'photo.jpg', 'Calle innominada', 5, 'Habilitado'),
(133, 'Trifonia', 'Quiñones', 'No tiene', '123456', 'photo.jpg', 'Calle innominada', 5, 'Habilitado'),
(134, 'Daniel', 'Quispe', 'No tiene', '123456', 'photo.jpg', 'Calle innominada', 5, 'Habilitado'),
(135, 'Mirian', 'Rocha', 'Acero', '4402214', 'photo.jpg', 'Calle innominada', 5, 'Habilitado'),
(136, 'Ramiro', 'Rocha', 'Acero', '123456', 'photo.jpg', 'Calle innominada', 5, 'Habilitado'),
(137, 'Rosalia', 'Rico', 'No tiene', '123456', 'photo.jpg', 'Calle innominada', 5, 'Habilitado'),
(138, 'Marisol', 'Gusman', 'Sevilla', '123456', 'photo.jpg', 'Calle innominada', 5, 'Habilitado'),
(139, 'Lucio', 'Soliz', 'No tiene', '123456', 'photo.jpg', 'Calle innominada', 5, 'Habilitado'),
(140, 'Roberto', 'Soria', 'No tiene', '123456', 'photo.jpg', 'Calle innominada', 5, 'Habilitado'),
(141, 'Martha', 'Encina', 'Valencia', '123456', 'photo.jpg', 'Calle innominada', 5, 'Habilitado'),
(142, 'Eduardo', 'Tapia', 'No tiene', '123456', 'photo.jpg', 'Calle innominada', 5, 'Habilitado'),
(143, 'Mario', 'Teran', 'No tiene', '123456', 'photo.jpg', 'Calle innominada', 5, 'Habilitado'),
(144, 'Emilio', 'Ticona', 'No tiene', '123456', 'photo.jpg', 'Calle innominada', 5, 'Habilitado'),
(145, 'Amalia', 'Tinta', 'Choque', '5311609', 'photo.jpg', 'Calle innominada', 5, 'Habilitado'),
(146, 'Maria Mercedez', 'Triveño', 'No tiene', '123456', 'photo.jpg', 'Calle innominada', 5, 'Habilitado'),
(147, 'Lourdes', 'Trigo', 'De Gonzales', '123456', 'photo.jpg', 'Calle innominada', 5, 'Habilitado'),
(148, 'Fidelia', 'Troncoso', 'Rojas', '123456', 'photo.jpg', 'Calle innominada', 5, 'Habilitado'),
(149, 'Ruth', 'Vega', 'No tiene', '123456', 'photo.jpg', 'Calle innominada', 5, 'Habilitado'),
(150, 'Gonzalo', 'Vargas', 'Acero', '123456', 'photo.jpg', 'Calle innominada', 5, 'Habilitado'),
(151, 'Marina', 'Velasquez', 'No tiene', '123456', 'photo.jpg', 'Calle innominada', 5, 'Habilitado'),
(152, 'Matilde', 'Veliz', 'Fernandez', '123456', 'photo.jpg', 'Calle innominada', 5, 'Habilitado'),
(153, 'Estela', 'Ayala', 'No tiene', '123456', 'photo.jpg', 'Calle innominada', 5, 'Habilitado'),
(154, 'Moises', 'Melgarejo', 'No tiene', '123456', 'photo.jpg', 'Calle innominada', 5, 'Habilitado'),
(155, 'Victor', 'Zambrana', 'Bustamante', '2886841', 'photo.jpg', 'Calle innominada', 5, 'Habilitado'),
(156, 'Alfredo ', 'Zambrana', 'Bustamante', '123456', 'photo.jpg', 'Calle innominada', 5, 'Habilitado'),
(157, 'Osvaldo', 'Tusco', 'No tiene', '123456', 'photo.jpg', 'Calle innominada', 5, 'Habilitado'),
(158, 'Agustin', 'Larico', 'No tiene', '123456', 'photo.jpg', 'Calle innominada', 5, 'Habilitado'),
(159, 'Duvan', 'Moya', 'No tiene', '123456', 'photo.jpg', 'Av. 15 de abril', 5, 'Habilitado'),
(160, 'Jose Luis', 'Colque', 'No tiene', '123456', 'photo.jpg', 'Calle innominada', 5, 'Habilitado'),
(161, 'Alfredo ', 'Perez', 'No tiene', '123456', 'photo.jpg', 'Calle innominada', 5, 'Habilitado'),
(162, 'Hipolito', 'Camacho', 'No tiene', '123456', 'photo.jpg', 'Calle innominada', 5, 'Habilitado'),
(163, 'Marco Antonio ', 'Oblitas', 'No tiene', '123456', 'photo.jpg', 'Calle innominada', 5, 'Habilitado'),
(164, 'Simon', 'Lazarte', 'No tiene', '123456', 'photo.jpg', 'Calle innominada', 5, 'Habilitado'),
(165, 'Teresa', 'Uslart', 'Rivero', '123456', 'photo.jpg', 'Av. 15 de abril', 5, 'Habilitado'),
(166, 'Albaro', 'Vega', 'Galarza', '123456', 'photo.jpg', 'Calle innominada', 5, 'Habilitado'),
(167, 'Jhonatan Jaret', 'Teran', 'Medrano', '123456', 'photo.jpg', 'Calle innominada', 5, 'Habilitado'),
(168, 'Rosmery', 'Rodriguez', 'Pasquiur', '123456', 'photo.jpg', 'Calle innominada', 5, 'Habilitado'),
(169, 'Daniel ', 'Layo ', 'Untoja', '123456', 'photo.jpg', 'Calle innominada', 5, 'Habilitado'),
(170, 'Unidad', 'Educativa', '15 de abril', '123456', 'photo.jpg', 'Av. 15 de abril', 5, 'Habilitado'),
(171, 'Sonia ', 'Lamas', 'Orellana', '123456', 'photo.jpg', 'Calle innominada', 5, 'Habilitado'),
(172, 'Wilfredo', 'Gutierrez ', 'Flores', '123456', 'photo.jpg', 'Calle innominada', 5, 'Habilitado'),
(173, 'Jorge Gonzalo', 'Claros ', 'Claros', '123456', 'photo.jpg', 'Calle innominada', 5, 'Habilitado'),
(174, 'Efrain', 'Pedro', 'Arce', '123456', 'photo.jpg', 'Calle innominada', 5, 'Habilitado'),
(175, 'Jaime', 'Romero', 'Negrete', '123456', 'photo.jpg', 'Pasaje los molles', 5, 'Habilitado'),
(176, 'Zaida', 'Rocha', 'Acero', '5902159', 'photo.jpg', 'Pasaje los molles', 5, 'Habilitado'),
(177, 'Jose Milton', 'Melgarejo', 'Rocha', '123456', 'photo.jpg', 'Calle innominada', 5, 'Habilitado'),
(178, 'Antonia', 'Melgarejo', 'Bustamante', '123456', 'photo.jpg', 'Calle innominada', 5, 'Habilitado'),
(179, 'Fernanda Mariela', 'Melgarejo', 'Bustamante', '123456', 'photo.jpg', 'Calle innominada', 5, 'Habilitado'),
(180, 'Gregoria', 'Hurtado ', 'Caero', '123456', 'photo.jpg', 'Calle innominada', 5, 'Habilitado'),
(181, 'Wilder Walter', 'Ledezma', 'Rivera', '123456', 'photo.jpg', 'Calle innominada', 5, 'Habilitado'),
(182, 'Jairo', 'Lamas', 'Herrera', '123456', 'photo.jpg', 'Calle innominada', 5, 'Habilitado'),
(183, 'Soraida', 'Vargas', 'No tiene', '123456', 'photo.jpg', 'Calle innominada', 5, 'Habilitado'),
(184, 'Julio', 'Perez', 'Martinez', '123456', 'photo.jpg', 'Calle innominada', 5, 'Habilitado'),
(185, 'Fanny Mary', 'Cahuana', 'Medrano', '3089498', 'photo.jpg', 'Calle innominada', 5, 'Habilitado'),
(186, 'Wilfredo', 'Gutierrez', 'Flores', '123456', 'photo.jpg', 'Calle innominada', 5, 'Habilitado'),
(187, 'Alejandro', 'Quispe', 'Choque', '123456', 'photo.jpg', 'Calle edgar', 5, 'Habilitado');

-- --------------------------------------------------------

--
-- Estructura de tabla para la tabla `tipomoneda`
--

CREATE TABLE `tipomoneda` (
  `idTipoMoneda` int(11) NOT NULL,
  `tipoCambio` varchar(45) NOT NULL
) ENGINE=InnoDB DEFAULT CHARSET=latin1 ROW_FORMAT=COMPACT;

--
-- Volcado de datos para la tabla `tipomoneda`
--

INSERT INTO `tipomoneda` (`idTipoMoneda`, `tipoCambio`) VALUES
(3, 'bolivianos'),
(4, 'dolar');

-- --------------------------------------------------------

--
-- Estructura de tabla para la tabla `tipomulta`
--

CREATE TABLE `tipomulta` (
  `idTipoMulta` int(11) NOT NULL,
  `nombre` varchar(100) NOT NULL
) ENGINE=InnoDB DEFAULT CHARSET=latin1 ROW_FORMAT=COMPACT;

--
-- Volcado de datos para la tabla `tipomulta`
--

INSERT INTO `tipomulta` (`idTipoMulta`, `nombre`) VALUES
(4, 'retraso'),
(5, 'falta reunion'),
(6, 'Corte de servicio');

-- --------------------------------------------------------

--
-- Estructura de tabla para la tabla `tipopago`
--

CREATE TABLE `tipopago` (
  `idTipoPago` int(11) NOT NULL,
  `tipo` varchar(45) NOT NULL
) ENGINE=InnoDB DEFAULT CHARSET=latin1 ROW_FORMAT=COMPACT;

--
-- Volcado de datos para la tabla `tipopago`
--

INSERT INTO `tipopago` (`idTipoPago`, `tipo`) VALUES
(3, 'contado'),
(4, 'cuota');

-- --------------------------------------------------------

--
-- Estructura de tabla para la tabla `users`
--

CREATE TABLE `users` (
  `id` int(10) UNSIGNED NOT NULL,
  `name` varchar(255) COLLATE utf8_unicode_ci NOT NULL,
  `email` varchar(255) COLLATE utf8_unicode_ci NOT NULL,
  `password` varchar(255) COLLATE utf8_unicode_ci NOT NULL,
  `remember_token` varchar(100) COLLATE utf8_unicode_ci DEFAULT NULL,
  `created_at` timestamp NULL DEFAULT NULL,
  `updated_at` timestamp NULL DEFAULT NULL,
  `apellidoP` varchar(40) COLLATE utf8_unicode_ci NOT NULL,
  `apellidoM` varchar(40) COLLATE utf8_unicode_ci NOT NULL,
  `carnetIdentidad` varchar(15) COLLATE utf8_unicode_ci NOT NULL,
  `foto` varchar(256) COLLATE utf8_unicode_ci NOT NULL,
  `estado` varchar(30) COLLATE utf8_unicode_ci NOT NULL,
  `idRol` int(11) NOT NULL
) ENGINE=InnoDB DEFAULT CHARSET=utf8 COLLATE=utf8_unicode_ci ROW_FORMAT=COMPACT;

--
-- Volcado de datos para la tabla `users`
--

INSERT INTO `users` (`id`, `name`, `email`, `password`, `remember_token`, `created_at`, `updated_at`, `apellidoP`, `apellidoM`, `carnetIdentidad`, `foto`, `estado`, `idRol`) VALUES
(4, 'cristian', 'cmeridag6@gmail.com', '$2y$10$xHT1hw4P/1..vBuiqmREHeSbV0EIvbrqwx8AVzHklU.7JEsLRcWhW', 'dtyy7Xc6mFsGcGNuAZU1BllmqZrWDMaBFZ35xbhyVbYf6Z3WWbqdVLLEmgZg', '2018-06-17 21:43:34', '2018-10-05 05:11:41', 'merida', 'merida', '12812812', '1560HDC.png', 'Habilitado', 1),
(5, 'carlos', 'carlosvedia59@gmail.com', '$2y$10$x3NUplWvp0IU/xzW4kn18uX.k7PAq4JmjxMKlopfRNsl.yJRxZB36', 'T9b6l85fmyDhwYvtYrpAh3DwyVqAYJ40jIVzJTnEg22ecAPPz9VMNdozG5VV', '2018-09-03 19:09:29', '2018-11-11 07:22:28', 'vedia', 'limpias', '4198928', 'Desert.jpg', 'Habilitado', 1),
(6, 'victor', 'victor@gmail.com', '$2y$10$InL6tGW7pkVg/TQMz2I1ou0zDE7Q3e6qtybrIp7QiDyTacehdNQPq', 'CDilBbgsA6p983cwrW8s2fpWC9MRuJaFHEaFXz986CtAQbto0hiR74Et5eAo', '2018-09-03 19:21:10', '2018-11-11 04:12:57', 'zambrana', 'bustamante', '42782134', 'Desert.jpg', 'Habilitado', 2),
(7, 'Felipe', 'felipe@gmail.com', '$2y$10$UkQr5isWONVTJ1YVbtht9uhA7I1RPCPyamBPllYbCFTlMmEAtg0Ma', 'nUbtv0wV9QPkYBwe9o7iQcaXVcXQIo8wKmYdbPOVo1gH4LpLcNZ881PIs99j', '2018-10-05 04:52:50', '2018-11-10 00:17:05', 'Santos', 'Leon', '2559183', 'photo.jpg', 'Habilitado', 4),
(8, 'nemecio', 'nemecio@gmail.com', '$2y$10$VyYKvsdBcxh4rZsEtKv0luopVCfyK5UHwyBsbUQe6LSrNUMZpwboC', 'OoVeWTIb7m8NXDIKk8n0WltpAiagbXSpgUijDgc5t8ZYis0zkv0LHyXRGtWk', '2018-11-09 23:49:43', '2018-11-09 23:58:29', 'bustamante', 'fuentes', '4402217', 'photo.jpg', 'Habilitado', 1);

-- --------------------------------------------------------

--
-- Estructura de tabla para la tabla `usuario`
--

CREATE TABLE `usuario` (
  `idUsuario` int(11) NOT NULL,
  `nombre` varchar(45) NOT NULL,
  `apellidoP` varchar(45) NOT NULL,
  `apellidoM` varchar(45) NOT NULL,
  `carnetIdentidad` varchar(45) NOT NULL,
  `foto` varchar(45) NOT NULL,
  `usuario` varchar(45) NOT NULL,
  `password` varchar(45) NOT NULL,
  `idRol` int(11) NOT NULL,
  `fechaRegistro` date NOT NULL,
  `estado` varchar(40) NOT NULL
) ENGINE=InnoDB DEFAULT CHARSET=latin1 ROW_FORMAT=COMPACT;

--
-- Índices para tablas volcadas
--

--
-- Indices de la tabla `cobroaccion`
--
ALTER TABLE `cobroaccion`
  ADD PRIMARY KEY (`idCobroAccion`) USING BTREE,
  ADD KEY `fk_cobroaccion_socio_idx` (`idSocio`) USING BTREE,
  ADD KEY `fk_cobroaccion_usuario_idx` (`idUsuario`) USING BTREE,
  ADD KEY `fk_cobroaccion_tipopago_idx` (`idTipoPago`) USING BTREE,
  ADD KEY `fk_cobroaccion_tipomoneda_idx` (`idTipoMoneda`) USING BTREE;

--
-- Indices de la tabla `cobroagua`
--
ALTER TABLE `cobroagua`
  ADD PRIMARY KEY (`idCobroAgua`) USING BTREE,
  ADD KEY `fk_cobroagua_usuario_idx` (`idUsuario`) USING BTREE,
  ADD KEY `fk_cobroagua_lectura_idx` (`idLectura`) USING BTREE;

--
-- Indices de la tabla `lectura`
--
ALTER TABLE `lectura`
  ADD PRIMARY KEY (`idLectura`) USING BTREE,
  ADD KEY `fk_lectura_medidor_idx` (`idMedidor`) USING BTREE,
  ADD KEY `fk_lectura_usuario_idx` (`idUsuario`) USING BTREE;

--
-- Indices de la tabla `medidor`
--
ALTER TABLE `medidor`
  ADD PRIMARY KEY (`idMedidor`) USING BTREE;

--
-- Indices de la tabla `multa`
--
ALTER TABLE `multa`
  ADD PRIMARY KEY (`idMulta`) USING BTREE,
  ADD KEY `fk_multa_socio_idx` (`idSocio`) USING BTREE,
  ADD KEY `fk_multa_usuario_idx` (`idUsuario`) USING BTREE;

--
-- Indices de la tabla `pagoaccion`
--
ALTER TABLE `pagoaccion`
  ADD PRIMARY KEY (`idPagoAccion`) USING BTREE;

--
-- Indices de la tabla `pagoconsumoagua`
--
ALTER TABLE `pagoconsumoagua`
  ADD PRIMARY KEY (`idPagoConsumoAgua`) USING BTREE;

--
-- Indices de la tabla `pagomulta`
--
ALTER TABLE `pagomulta`
  ADD PRIMARY KEY (`idPagoMulta`) USING BTREE;

--
-- Indices de la tabla `password_resets`
--
ALTER TABLE `password_resets`
  ADD KEY `password_resets_email_index` (`email`) USING BTREE,
  ADD KEY `password_resets_token_index` (`token`) USING BTREE;

--
-- Indices de la tabla `rol`
--
ALTER TABLE `rol`
  ADD PRIMARY KEY (`idRol`) USING BTREE;

--
-- Indices de la tabla `socio`
--
ALTER TABLE `socio`
  ADD PRIMARY KEY (`idSocio`) USING BTREE,
  ADD KEY `fk_socio_usuario_idx` (`idUsuario`) USING BTREE;

--
-- Indices de la tabla `tipomoneda`
--
ALTER TABLE `tipomoneda`
  ADD PRIMARY KEY (`idTipoMoneda`) USING BTREE;

--
-- Indices de la tabla `tipomulta`
--
ALTER TABLE `tipomulta`
  ADD PRIMARY KEY (`idTipoMulta`) USING BTREE;

--
-- Indices de la tabla `tipopago`
--
ALTER TABLE `tipopago`
  ADD PRIMARY KEY (`idTipoPago`) USING BTREE;

--
-- Indices de la tabla `users`
--
ALTER TABLE `users`
  ADD PRIMARY KEY (`id`) USING BTREE,
  ADD UNIQUE KEY `users_email_unique` (`email`) USING BTREE;

--
-- Indices de la tabla `usuario`
--
ALTER TABLE `usuario`
  ADD PRIMARY KEY (`idUsuario`) USING BTREE,
  ADD KEY `fk_usuario_rol_idx` (`idRol`) USING BTREE;

--
-- AUTO_INCREMENT de las tablas volcadas
--

--
-- AUTO_INCREMENT de la tabla `cobroaccion`
--
ALTER TABLE `cobroaccion`
  MODIFY `idCobroAccion` int(11) NOT NULL AUTO_INCREMENT, AUTO_INCREMENT=154;
--
-- AUTO_INCREMENT de la tabla `cobroagua`
--
ALTER TABLE `cobroagua`
  MODIFY `idCobroAgua` int(11) NOT NULL AUTO_INCREMENT, AUTO_INCREMENT=161;
--
-- AUTO_INCREMENT de la tabla `lectura`
--
ALTER TABLE `lectura`
  MODIFY `idLectura` int(11) NOT NULL AUTO_INCREMENT, AUTO_INCREMENT=680;
--
-- AUTO_INCREMENT de la tabla `medidor`
--
ALTER TABLE `medidor`
  MODIFY `idMedidor` int(11) NOT NULL AUTO_INCREMENT, AUTO_INCREMENT=187;
--
-- AUTO_INCREMENT de la tabla `multa`
--
ALTER TABLE `multa`
  MODIFY `idMulta` int(11) NOT NULL AUTO_INCREMENT, AUTO_INCREMENT=59;
--
-- AUTO_INCREMENT de la tabla `pagoaccion`
--
ALTER TABLE `pagoaccion`
  MODIFY `idPagoAccion` int(11) NOT NULL AUTO_INCREMENT, AUTO_INCREMENT=160;
--
-- AUTO_INCREMENT de la tabla `pagoconsumoagua`
--
ALTER TABLE `pagoconsumoagua`
  MODIFY `idPagoConsumoAgua` int(11) NOT NULL AUTO_INCREMENT;
--
-- AUTO_INCREMENT de la tabla `pagomulta`
--
ALTER TABLE `pagomulta`
  MODIFY `idPagoMulta` int(11) NOT NULL AUTO_INCREMENT;
--
-- AUTO_INCREMENT de la tabla `rol`
--
ALTER TABLE `rol`
  MODIFY `idRol` int(11) NOT NULL AUTO_INCREMENT, AUTO_INCREMENT=5;
--
-- AUTO_INCREMENT de la tabla `socio`
--
ALTER TABLE `socio`
  MODIFY `idSocio` int(11) NOT NULL AUTO_INCREMENT, AUTO_INCREMENT=188;
--
-- AUTO_INCREMENT de la tabla `tipomoneda`
--
ALTER TABLE `tipomoneda`
  MODIFY `idTipoMoneda` int(11) NOT NULL AUTO_INCREMENT, AUTO_INCREMENT=5;
--
-- AUTO_INCREMENT de la tabla `tipomulta`
--
ALTER TABLE `tipomulta`
  MODIFY `idTipoMulta` int(11) NOT NULL AUTO_INCREMENT, AUTO_INCREMENT=7;
--
-- AUTO_INCREMENT de la tabla `tipopago`
--
ALTER TABLE `tipopago`
  MODIFY `idTipoPago` int(11) NOT NULL AUTO_INCREMENT, AUTO_INCREMENT=5;
--
-- AUTO_INCREMENT de la tabla `users`
--
ALTER TABLE `users`
  MODIFY `id` int(10) UNSIGNED NOT NULL AUTO_INCREMENT, AUTO_INCREMENT=9;
--
-- AUTO_INCREMENT de la tabla `usuario`
--
ALTER TABLE `usuario`
  MODIFY `idUsuario` int(11) NOT NULL AUTO_INCREMENT;
--
-- Restricciones para tablas volcadas
--

--
-- Filtros para la tabla `cobroaccion`
--
ALTER TABLE `cobroaccion`
  ADD CONSTRAINT `fk_cobroaccion_socio` FOREIGN KEY (`idSocio`) REFERENCES `socio` (`idSocio`) ON DELETE CASCADE ON UPDATE CASCADE,
  ADD CONSTRAINT `fk_cobroaccion_tipomoneda` FOREIGN KEY (`idTipoMoneda`) REFERENCES `tipomoneda` (`idTipoMoneda`) ON DELETE CASCADE ON UPDATE CASCADE,
  ADD CONSTRAINT `fk_cobroaccion_tipopago` FOREIGN KEY (`idTipoPago`) REFERENCES `tipopago` (`idTipoPago`) ON DELETE CASCADE ON UPDATE CASCADE;

--
-- Filtros para la tabla `cobroagua`
--
ALTER TABLE `cobroagua`
  ADD CONSTRAINT `fk_cobroagua_lectura` FOREIGN KEY (`idLectura`) REFERENCES `lectura` (`idLectura`) ON DELETE CASCADE ON UPDATE CASCADE;

--
-- Filtros para la tabla `lectura`
--
ALTER TABLE `lectura`
  ADD CONSTRAINT `fk_lectura_medidor` FOREIGN KEY (`idMedidor`) REFERENCES `medidor` (`idMedidor`) ON DELETE CASCADE ON UPDATE CASCADE;

--
-- Filtros para la tabla `multa`
--
ALTER TABLE `multa`
  ADD CONSTRAINT `fk_multa_socio` FOREIGN KEY (`idSocio`) REFERENCES `socio` (`idSocio`) ON DELETE CASCADE ON UPDATE CASCADE;

/*!40101 SET CHARACTER_SET_CLIENT=@OLD_CHARACTER_SET_CLIENT */;
/*!40101 SET CHARACTER_SET_RESULTS=@OLD_CHARACTER_SET_RESULTS */;
/*!40101 SET COLLATION_CONNECTION=@OLD_COLLATION_CONNECTION */;
